-- MySQL dump 10.11
--
-- Host: localhost    Database: confluence
-- ------------------------------------------------------
-- Server version	5.0.77

/*!40101 SET @OLD_CHARACTER_SET_CLIENT=@@CHARACTER_SET_CLIENT */;
/*!40101 SET @OLD_CHARACTER_SET_RESULTS=@@CHARACTER_SET_RESULTS */;
/*!40101 SET @OLD_COLLATION_CONNECTION=@@COLLATION_CONNECTION */;
/*!40101 SET NAMES utf8 */;
/*!40103 SET @OLD_TIME_ZONE=@@TIME_ZONE */;
/*!40103 SET TIME_ZONE='+00:00' */;
/*!40014 SET @OLD_UNIQUE_CHECKS=@@UNIQUE_CHECKS, UNIQUE_CHECKS=0 */;
/*!40014 SET @OLD_FOREIGN_KEY_CHECKS=@@FOREIGN_KEY_CHECKS, FOREIGN_KEY_CHECKS=0 */;
/*!40101 SET @OLD_SQL_MODE=@@SQL_MODE, SQL_MODE='NO_AUTO_VALUE_ON_ZERO' */;
/*!40111 SET @OLD_SQL_NOTES=@@SQL_NOTES, SQL_NOTES=0 */;

--
-- Table structure for table `ATTACHMENTDATA`
--

DROP TABLE IF EXISTS `ATTACHMENTDATA`;
SET @saved_cs_client     = @@character_set_client;
SET character_set_client = utf8;
CREATE TABLE `ATTACHMENTDATA` (
  `ATTACHMENTDATAID` bigint(20) NOT NULL,
  `ATTVERSION` int(11) NOT NULL,
  `DATA` longblob,
  `ATTACHMENTID` bigint(20) default NULL,
  PRIMARY KEY  (`ATTACHMENTDATAID`),
  KEY `attch_data_idx` (`ATTACHMENTID`),
  CONSTRAINT `FK9DC3E34D34A4917E` FOREIGN KEY (`ATTACHMENTID`) REFERENCES `ATTACHMENTS` (`ATTACHMENTID`)
) ENGINE=InnoDB DEFAULT CHARSET=latin1;
SET character_set_client = @saved_cs_client;

--
-- Dumping data for table `ATTACHMENTDATA`
--

LOCK TABLES `ATTACHMENTDATA` WRITE;
/*!40000 ALTER TABLE `ATTACHMENTDATA` DISABLE KEYS */;
/*!40000 ALTER TABLE `ATTACHMENTDATA` ENABLE KEYS */;
UNLOCK TABLES;

--
-- Table structure for table `ATTACHMENTS`
--

DROP TABLE IF EXISTS `ATTACHMENTS`;
SET @saved_cs_client     = @@character_set_client;
SET character_set_client = utf8;
CREATE TABLE `ATTACHMENTS` (
  `ATTACHMENTID` bigint(20) NOT NULL,
  `TITLE` varchar(255) NOT NULL,
  `CONTENTTYPE` varchar(255) NOT NULL,
  `PAGEID` bigint(20) NOT NULL,
  `CREATOR` varchar(255) default NULL,
  `CREATIONDATE` datetime default NULL,
  `LASTMODIFIER` varchar(255) default NULL,
  `LASTMODDATE` datetime default NULL,
  `FILESIZE` bigint(20) default NULL,
  `ATTACHMENT_COMMENT` varchar(255) default NULL,
  `ATTVERSION` int(11) default NULL,
  `PREVVER` bigint(20) default NULL,
  PRIMARY KEY  (`ATTACHMENTID`),
  KEY `att_prevver_idx` (`PREVVER`),
  KEY `att_pageid_idx` (`PAGEID`),
  CONSTRAINT `FK54475F9017D4A070` FOREIGN KEY (`PREVVER`) REFERENCES `ATTACHMENTS` (`ATTACHMENTID`),
  CONSTRAINT `FK54475F908C38FBEA` FOREIGN KEY (`PAGEID`) REFERENCES `CONTENT` (`CONTENTID`)
) ENGINE=InnoDB DEFAULT CHARSET=latin1;
SET character_set_client = @saved_cs_client;

--
-- Dumping data for table `ATTACHMENTS`
--

LOCK TABLES `ATTACHMENTS` WRITE;
/*!40000 ALTER TABLE `ATTACHMENTS` DISABLE KEYS */;
INSERT INTO `ATTACHMENTS` VALUES (131073,'0.06.2.png','image/png',32857,NULL,'2010-06-15 15:28:25',NULL,'2010-07-22 12:59:50',225061,NULL,1,NULL),(131074,'0.07.3.png','image/png',32857,NULL,'2010-06-15 15:28:25',NULL,'2010-07-22 12:59:50',303123,NULL,1,NULL),(131075,'0.07.4.png','image/png',32857,NULL,'2010-06-15 15:28:25',NULL,'2010-07-22 12:59:50',390423,NULL,1,NULL),(131076,'0.07.2.png','image/png',32860,NULL,'2010-06-15 15:28:25',NULL,'2010-07-22 12:59:50',227649,NULL,1,NULL),(131077,'CommentBox.png','image/png',32840,NULL,'2010-06-15 15:28:25',NULL,'2010-07-22 12:59:50',14590,NULL,1,NULL),(131078,'MyNewPage.png','image/png',32840,NULL,'2010-06-15 15:28:25',NULL,'2010-07-22 12:59:50',9723,'Example of a new page',1,NULL),(131079,'MoOfTheWeek.png','image/png',32839,NULL,'2010-06-15 15:28:25',NULL,'2010-07-22 12:59:50',561961,NULL,1,NULL),(131080,'header_new.jpg','image/jpeg',32828,NULL,'2010-06-15 15:28:25',NULL,'2010-07-22 12:59:50',58162,NULL,1,NULL),(131081,'0.01.6.png','image/png',32776,NULL,'2010-06-15 15:28:25',NULL,'2010-07-22 12:59:50',384380,NULL,1,NULL),(131082,'0.02.1.png','image/png',32775,NULL,'2010-06-15 15:28:25',NULL,'2010-07-22 12:59:50',236633,NULL,1,NULL),(131083,'0.04a.1.jpg','image/jpeg',32771,NULL,'2010-06-15 15:28:25',NULL,'2010-07-22 12:59:50',88634,NULL,1,NULL),(131084,'confluence-3-0-rte-context-menu-button-on.png','image/png',32794,NULL,'2010-06-15 15:28:25',NULL,'2010-07-22 12:59:50',668,NULL,1,NULL),(131085,'0.04b.2.jpg','image/jpeg',32771,NULL,'2010-06-15 15:28:25',NULL,'2010-07-22 12:59:50',90576,NULL,1,NULL),(131086,'0.04c.3.jpg','image/jpeg',32771,NULL,'2010-06-15 15:28:25',NULL,'2010-07-22 12:59:50',90985,NULL,1,NULL),(131087,'search2007.png','image/png',32835,NULL,'2010-06-15 15:28:25',NULL,'2010-07-22 12:59:50',18426,NULL,1,NULL),(131088,'Screen shot 2009-11-04 at 8.56.19 AM.png','image/png',32835,NULL,'2010-06-15 15:28:25',NULL,'2010-07-22 12:59:50',158892,NULL,1,NULL),(131089,'Screenshot of page preview.png','image/png',32835,NULL,'2010-06-15 15:28:25',NULL,'2010-07-22 12:59:50',113810,NULL,1,NULL),(131090,'restrictions-inherited-permissions.png','image/png',32835,NULL,'2010-06-15 15:28:25',NULL,'2010-07-22 12:59:50',40172,NULL,1,NULL),(131091,'restrictions-twixie.png','image/png',32835,NULL,'2010-06-15 15:28:25',NULL,'2010-07-22 12:59:50',57983,NULL,1,NULL),(131092,'movepage-search.png','image/png',32835,NULL,'2010-06-15 15:28:25',NULL,'2010-07-22 12:59:50',59239,NULL,1,NULL),(131093,'pptx.png','image/png',32835,NULL,'2010-06-15 15:28:25',NULL,'2010-07-22 12:59:50',214966,NULL,1,NULL),(131094,'movepage-known.png','image/png',32835,NULL,'2010-06-15 15:28:25',NULL,'2010-07-22 12:59:50',53799,NULL,1,NULL),(131095,'movepage-recentlyviewed.png','image/png',32835,NULL,'2010-06-15 15:28:25',NULL,'2010-07-22 12:59:50',50804,NULL,1,NULL),(131096,'image-dialog.png','image/png',32835,NULL,'2010-06-15 15:28:25',NULL,'2010-07-22 12:59:50',229388,NULL,1,NULL),(131097,'movepage-browse.png','image/png',32835,NULL,'2010-06-15 15:28:25',NULL,'2010-07-22 12:59:50',48912,NULL,1,NULL),(131098,'gadget preferences.png','image/png',32835,NULL,'2010-06-15 15:28:25',NULL,'2010-07-22 12:59:50',87353,NULL,1,NULL),(131099,'getmore.png','image/png',32835,NULL,'2010-06-15 15:28:25',NULL,'2010-07-22 12:59:50',16426,NULL,1,NULL),(131100,'fullscreenwow.png','image/png',32835,NULL,'2010-06-15 15:28:25',NULL,'2010-07-22 12:59:50',310116,NULL,1,NULL),(131101,'footer-screenshot.png','image/png',32835,NULL,'2010-06-15 15:28:25',NULL,'2010-07-22 12:59:50',364592,NULL,1,NULL),(131102,'dropzone.png','image/png',32835,NULL,'2010-06-15 15:28:25',NULL,'2010-07-22 12:59:50',49924,NULL,1,NULL),(131103,'dragdrop style.png','image/png',32835,NULL,'2010-06-15 15:28:25',NULL,'2010-07-22 12:59:50',30944,NULL,1,NULL),(131104,'actuallyedit.png','image/png',32835,NULL,'2010-06-15 15:28:25',NULL,'2010-07-22 12:59:50',43572,NULL,1,NULL),(131105,'activity stream gadget.png','image/png',32835,NULL,'2010-06-15 15:28:25',NULL,'2010-07-22 12:59:50',48520,NULL,1,NULL),(131106,'btn_advanced.png','image/png',32840,NULL,'2010-06-15 15:28:25',NULL,'2010-07-22 12:59:50',5300,NULL,1,NULL),(131107,'btn_tutorial.png','image/png',32840,NULL,'2010-06-15 15:28:25',NULL,'2010-07-22 12:59:50',4987,NULL,1,NULL),(131108,'colour_white.png','image/png',32794,NULL,'2010-06-15 15:28:25',NULL,'2010-07-22 12:59:50',2819,NULL,1,NULL),(131109,'colour_grey.png','image/png',32794,NULL,'2010-06-15 15:28:25',NULL,'2010-07-22 12:59:50',137,NULL,1,NULL),(131110,'colour_jira.png','image/png',32794,NULL,'2010-06-15 15:28:25',NULL,'2010-07-22 12:59:50',139,NULL,1,NULL),(131111,'colour_fisheye.png','image/png',32794,NULL,'2010-06-15 15:28:25',NULL,'2010-07-22 12:59:50',140,NULL,1,NULL),(131112,'colour_darkgrey.png','image/png',32794,NULL,'2010-06-15 15:28:25',NULL,'2010-07-22 12:59:50',2820,NULL,1,NULL),(131113,'colour_studio.png','image/png',32794,NULL,'2010-06-15 15:28:25',NULL,'2010-07-22 12:59:50',141,NULL,1,NULL),(131114,'colour_mediumblue.png','image/png',32794,NULL,'2010-06-15 15:28:25',NULL,'2010-07-22 12:59:50',2823,NULL,1,NULL),(131115,'colour_lightgrey.png','image/png',32794,NULL,'2010-06-15 15:28:25',NULL,'2010-07-22 12:59:50',137,NULL,1,NULL),(131116,'colour_lightblue.png','image/png',32794,NULL,'2010-06-15 15:28:25',NULL,'2010-07-22 12:59:50',2823,NULL,1,NULL),(131117,'colour_clover.png','image/png',32794,NULL,'2010-06-15 15:28:25',NULL,'2010-07-22 12:59:50',141,NULL,1,NULL),(131118,'colour_bamboo.png','image/png',32794,NULL,'2010-06-15 15:28:25',NULL,'2010-07-22 12:59:50',139,NULL,1,NULL),(131119,'colour_atlassianblue.png','image/png',32794,NULL,'2010-06-15 15:28:25',NULL,'2010-07-22 12:59:50',2822,NULL,1,NULL),(131120,'colour_crucible.png','image/png',32794,NULL,'2010-06-15 15:28:25',NULL,'2010-07-22 12:59:50',140,NULL,1,NULL),(131121,'colour_crowd.png','image/png',32794,NULL,'2010-06-15 15:28:25',NULL,'2010-07-22 12:59:50',140,NULL,1,NULL),(131122,'colour_confluence.png','image/png',32794,NULL,'2010-06-15 15:28:25',NULL,'2010-07-22 12:59:50',140,NULL,1,NULL),(131123,'colour_black.png','image/png',32794,NULL,'2010-06-15 15:28:25',NULL,'2010-07-22 12:59:50',2805,NULL,1,NULL),(131124,'btn_design.png','image/png',32830,NULL,'2010-06-15 15:28:25',NULL,'2010-07-22 12:59:50',12683,NULL,1,NULL),(131125,'Design_Home.png','image/png',32791,NULL,'2010-06-15 15:28:25',NULL,'2010-07-22 12:59:50',109906,NULL,1,NULL),(131126,'3033331375_b3d70b9ea2.jpg','image/jpeg',32799,NULL,'2010-06-15 15:28:25',NULL,'2010-07-22 12:59:50',129694,NULL,1,NULL),(131127,'3033331143_1251dfef2b.jpg','image/jpeg',32799,NULL,'2010-06-15 15:28:25',NULL,'2010-07-22 12:59:50',140209,NULL,1,NULL),(131128,'3034169878_c654da7dea.jpg','image/jpeg',32799,NULL,'2010-06-15 15:28:25',NULL,'2010-07-22 12:59:50',156830,NULL,1,NULL),(131129,'3034170006_4dce920589.jpg','image/jpeg',32799,NULL,'2010-06-15 15:28:25',NULL,'2010-07-22 12:59:50',57804,NULL,1,NULL),(131130,'3034169708_dbf583e211.jpg','image/jpeg',32799,NULL,'2010-06-15 15:28:25',NULL,'2010-07-22 12:59:50',123735,NULL,1,NULL),(131131,'3034169784_8506359854.jpg','image/jpeg',32799,NULL,'2010-06-15 15:28:25',NULL,'2010-07-22 12:59:50',114301,NULL,1,NULL),(131132,'3034169540_da0b90624a.jpg','image/jpeg',32799,NULL,'2010-06-15 15:28:25',NULL,'2010-07-22 12:59:50',135195,NULL,1,NULL),(131133,'3034169606_8c2a2724e6.jpg','image/jpeg',32799,NULL,'2010-06-15 15:28:25',NULL,'2010-07-22 12:59:50',123159,NULL,1,NULL),(131134,'3033331847_8860c55e93.jpg','image/jpeg',32799,NULL,'2010-06-15 15:28:25',NULL,'2010-07-22 12:59:50',123199,NULL,1,NULL),(131135,'3033331945_5f21010ace.jpg','image/jpeg',32799,NULL,'2010-06-15 15:28:25',NULL,'2010-07-22 12:59:50',108110,NULL,1,NULL),(131136,'3034170514_b4b7aa09e4.jpg','image/jpeg',32799,NULL,'2010-06-15 15:28:25',NULL,'2010-07-22 12:59:50',115828,NULL,1,NULL),(131137,'3034170450_ce25964e6b.jpg','image/jpeg',32799,NULL,'2010-06-15 15:28:25',NULL,'2010-07-22 12:59:50',113782,NULL,1,NULL),(131138,'3034170376_2848f785f2.jpg','image/jpeg',32799,NULL,'2010-06-15 15:28:25',NULL,'2010-07-22 12:59:50',139031,NULL,1,NULL),(131139,'3034170270_71d9061a46.jpg','image/jpeg',32799,NULL,'2010-06-15 15:28:25',NULL,'2010-07-22 12:59:50',86904,NULL,1,NULL),(131140,'3034170062_31cd93fa52.jpg','image/jpeg',32799,NULL,'2010-06-15 15:28:25',NULL,'2010-07-22 12:59:50',71913,NULL,1,NULL),(131141,'AtlassianMarketing.png','image/png',32800,NULL,'2010-06-15 15:28:25',NULL,'2010-07-22 12:59:50',4565,NULL,1,NULL),(131142,'AtlassianForums.png','image/png',32800,NULL,'2010-06-15 15:28:25',NULL,'2010-07-22 12:59:50',3683,NULL,1,NULL),(131143,'AtlassianFoundation.png','image/png',32800,NULL,'2010-06-15 15:28:25',NULL,'2010-07-22 12:59:50',6097,NULL,1,NULL),(131144,'Atlassian.png','image/png',32800,NULL,'2010-06-15 15:28:25',NULL,'2010-07-22 12:59:50',18896,NULL,1,NULL),(131145,'20percent.png','image/png',32800,NULL,'2010-06-15 15:28:25',NULL,'2010-07-22 12:59:50',71973,NULL,1,NULL),(131146,'361Review.png','image/png',32800,NULL,'2010-06-15 15:28:25',NULL,'2010-07-22 12:59:50',4933,NULL,1,NULL),(131147,'AtlassianPartners.png','image/png',32800,NULL,'2010-06-15 15:28:25',NULL,'2010-07-22 12:59:50',6111,NULL,1,NULL),(131148,'AtlassianSupport.png','image/png',32800,NULL,'2010-06-15 15:28:25',NULL,'2010-07-22 12:59:50',6997,NULL,1,NULL),(131149,'AtlassianTV.png','image/png',32800,NULL,'2010-06-15 15:28:25',NULL,'2010-07-22 12:59:50',3432,NULL,1,NULL),(131150,'Codegeist.png','image/png',32800,NULL,'2010-06-15 15:28:25',NULL,'2010-07-22 12:59:50',9245,NULL,1,NULL),(131151,'CloverQuiver.png','image/png',32800,NULL,'2010-06-15 15:28:25',NULL,'2010-07-22 12:59:50',7109,NULL,1,NULL),(131152,'confluence_maintenance.png','image/png',32800,NULL,'2010-06-15 15:28:25',NULL,'2010-07-22 12:59:50',3786,NULL,1,NULL),(131153,'CrossProduct.png','image/png',32800,NULL,'2010-06-15 15:28:25',NULL,'2010-07-22 12:59:50',6928,NULL,1,NULL),(131154,'CustomerAdvocates.png','image/png',32800,NULL,'2010-06-15 15:28:25',NULL,'2010-07-22 12:59:50',7571,NULL,1,NULL),(131155,'DeveloperNetwork.png','image/png',32800,NULL,'2010-06-15 15:28:25',NULL,'2010-07-22 12:59:50',29894,NULL,1,NULL),(131156,'SystemAdministration.png','image/png',32800,NULL,'2010-06-15 15:28:25',NULL,'2010-07-22 12:59:50',6139,NULL,1,NULL),(131157,'AT PPT ContentPage.png','image/png',32801,NULL,'2010-06-15 15:28:25',NULL,'2010-07-22 12:59:50',8229,NULL,1,NULL),(131158,'AT PPT TitlePage.png','image/png',32801,NULL,'2010-06-15 15:28:25',NULL,'2010-07-22 12:59:50',25361,NULL,1,NULL),(131159,'Company Birthdays.xlsx','application/octet-stream',32829,NULL,'2010-06-15 15:28:25',NULL,'2010-07-22 12:59:50',27186,NULL,1,NULL),(131160,'Managing_HR_Projects.pptx','application/octet-stream',32801,NULL,'2010-06-15 15:28:25',NULL,'2010-07-22 12:59:50',353482,NULL,1,NULL),(131161,'btn_design.png','image/png',32840,NULL,'2010-06-15 15:28:25',NULL,'2010-07-22 12:59:50',4542,NULL,1,NULL),(131162,'documentation_icon.png','image/png',32840,NULL,'2010-06-15 15:28:25',NULL,'2010-07-22 12:59:50',12600,NULL,1,NULL),(131163,'plugins_icon.png','image/png',32840,NULL,'2010-06-15 15:28:25',NULL,'2010-07-22 12:59:50',6797,NULL,1,NULL),(131164,'knowledge_icon.png','image/png',32840,NULL,'2010-06-15 15:28:25',NULL,'2010-07-22 12:59:50',16909,NULL,1,NULL),(131165,'intranet_icon.png','image/png',32840,NULL,'2010-06-15 15:28:25',NULL,'2010-07-22 12:59:50',9584,NULL,1,NULL),(131166,'btn_plugins.png','image/png',32840,NULL,'2010-06-15 15:28:25',NULL,'2010-07-22 12:59:50',6152,NULL,1,NULL),(131167,'balsamiq2.png','image/png',32858,NULL,'2010-06-15 15:28:25',NULL,'2010-07-22 12:59:50',202267,NULL,1,NULL),(131168,'balsamiq1.jpg','image/jpeg',32858,NULL,'2010-06-15 15:28:25',NULL,'2010-07-22 12:59:50',70425,NULL,1,NULL),(131169,'RefinedWiki.jpg','image/jpeg',32861,NULL,'2010-06-15 15:28:25',NULL,'2010-07-22 12:59:50',178487,NULL,1,NULL),(131170,'IntranetTheme.png','image/png',32861,NULL,'2010-06-15 15:28:25',NULL,'2010-07-22 12:59:50',332865,NULL,1,NULL),(131171,'Image Browser Mockup.png','image/png',32858,NULL,'2010-06-15 15:28:25',NULL,'2010-07-22 12:59:50',97936,NULL,1,NULL),(131172,'Clunkers Mockup.png','image/png',32858,NULL,'2010-06-15 15:28:25',NULL,'2010-07-22 12:59:50',147993,NULL,1,NULL),(131173,'Approvals Workflow 2.png','image/png',32790,NULL,'2010-06-15 15:28:25',NULL,'2010-07-22 12:59:50',87523,NULL,1,NULL),(131174,'rate-macro-1.gif','application/octet-stream',32789,NULL,'2010-06-15 15:28:25',NULL,'2010-07-22 12:59:50',2349,NULL,1,NULL),(131175,'Archiving 2.png','image/png',32796,NULL,'2010-06-15 15:28:25',NULL,'2010-07-22 12:59:50',19807,NULL,1,NULL),(131176,'Approvals Workflow.png','image/png',32790,NULL,'2010-06-15 15:28:25',NULL,'2010-07-22 12:59:50',94054,NULL,1,NULL),(131177,'screen-dashboard.png','image/png',32853,NULL,'2010-06-15 15:28:25',NULL,'2010-07-22 12:59:50',138003,NULL,1,NULL),(131178,'screen-page.png','image/png',32853,NULL,'2010-06-15 15:28:25',NULL,'2010-07-22 12:59:50',225504,NULL,1,NULL),(131179,'rate-macro-2.png','image/png',32789,NULL,'2010-06-15 15:28:25',NULL,'2010-07-22 12:59:50',7464,NULL,1,NULL),(131180,'copy-space.png','image/png',32849,NULL,'2010-06-15 15:28:25',NULL,'2010-07-22 12:59:50',85645,NULL,1,NULL),(131181,'Archiving.png','image/png',32796,NULL,'2010-06-15 15:28:25',NULL,'2010-07-22 12:59:50',28596,NULL,1,NULL),(131182,'ThemeBuilder.png','image/png',32861,NULL,'2010-06-15 15:28:25',NULL,'2010-07-22 12:59:50',425806,NULL,1,NULL),(131183,'gliffy2.jpg','image/jpeg',32854,NULL,'2010-06-15 15:28:25',NULL,'2010-07-22 12:59:50',54359,NULL,1,NULL),(131184,'wikiToEditor.png','image/png',32854,NULL,'2010-06-15 15:28:25',NULL,'2010-07-22 12:59:50',255589,NULL,1,NULL),(131185,'kev.jpg','image/jpeg',32844,NULL,'2010-06-15 15:28:25',NULL,'2010-07-22 12:59:50',4144,NULL,1,NULL),(131186,'JoshWold_StaffPic.jpg','image/jpeg',32844,NULL,'2010-06-15 15:28:25',NULL,'2010-07-22 12:59:50',7036,NULL,1,NULL),(131187,'boots.jpg','image/jpeg',32844,NULL,'2010-06-15 15:28:25',NULL,'2010-07-22 12:59:50',13790,NULL,1,NULL),(131188,'Expense Report Template.xls','application/vnd.ms-excel',32834,NULL,'2010-06-15 15:28:25',NULL,'2010-07-22 12:59:50',33280,'Use this for submitting expenses.',1,NULL),(131189,'IRS_W9_Form.pdf','application/pdf',32834,NULL,'2010-06-15 15:28:25',NULL,'2010-07-22 12:59:50',142238,'All contract employees must complete this form.',1,NULL),(131190,'btn_examples.png','image/png',32840,NULL,'2010-06-15 15:28:25',NULL,'2010-07-22 12:59:50',4866,NULL,1,NULL),(131191,'btn_sales.png','image/png',32840,NULL,'2010-06-15 15:28:25',NULL,'2010-07-22 12:59:50',4450,NULL,1,NULL),(131192,'recruiting_process.jpg','image/jpeg',32832,NULL,'2010-06-15 15:28:25',NULL,'2010-07-22 12:59:50',66132,NULL,1,NULL),(131193,'selection_process.jpg','image/jpeg',32832,NULL,'2010-06-15 15:28:25',NULL,'2010-07-22 12:59:50',90625,NULL,1,NULL),(131194,'birthday.png','image/png',32840,NULL,'2010-06-15 15:28:25',NULL,'2010-07-22 12:59:50',8345,NULL,1,NULL),(131195,'handshake_icon.gif','image/gif',32840,NULL,'2010-06-15 15:28:25',NULL,'2010-07-22 12:59:50',1070,NULL,1,NULL),(131196,'Atlassian_Summary.pdf','application/pdf',32827,NULL,'2010-06-15 15:28:25',NULL,'2010-07-22 12:59:50',294692,NULL,1,NULL),(131197,'Job-icon.png','image/png',32840,NULL,'2010-06-15 15:28:25',NULL,'2010-07-22 12:59:50',2427,NULL,1,NULL),(131198,'Procedures-icon.gif','image/gif',32840,NULL,'2010-06-15 15:28:25',NULL,'2010-07-22 12:59:50',1346,NULL,1,NULL),(131199,'Buddy.gif','image/gif',32840,NULL,'2010-06-15 15:28:25',NULL,'2010-07-22 12:59:50',1653,NULL,1,NULL),(131200,'soul.jpg','image/jpeg',32844,NULL,'2010-06-15 15:28:25',NULL,'2010-07-22 12:59:50',7988,NULL,1,NULL),(131201,'Goal.png','image/png',32844,NULL,'2010-06-15 15:28:25',NULL,'2010-07-22 12:59:50',8829,NULL,1,NULL),(131202,'gc.jpg','image/jpeg',32844,NULL,'2010-06-15 15:28:25',NULL,'2010-07-22 12:59:50',7204,NULL,1,NULL),(131203,'Matt.jpg','image/jpeg',32844,NULL,'2010-06-15 15:28:25',NULL,'2010-07-22 12:59:50',3640,NULL,1,NULL),(131204,'Spaces.032.png','image/png',32840,NULL,'2010-06-15 15:28:25',NULL,'2010-07-22 12:59:50',199414,NULL,1,NULL),(131205,'web_16.gif','image/gif',32840,NULL,'2010-06-15 15:28:25',NULL,'2010-07-22 12:59:50',1068,NULL,1,NULL),(131206,'media_play.png','image/png',32840,NULL,'2010-06-15 15:28:25',NULL,'2010-07-22 12:59:50',9562,NULL,1,NULL),(131207,'Picture 1.jpg','image/jpeg',32822,NULL,'2010-06-15 15:28:25',NULL,'2010-07-22 12:59:50',151037,NULL,1,NULL),(131208,'Picture 3.jpg','image/jpeg',32822,NULL,'2010-06-15 15:28:25',NULL,'2010-07-22 12:59:50',32337,NULL,1,NULL),(131209,'Picture 2.jpg','image/jpeg',32822,NULL,'2010-06-15 15:28:25',NULL,'2010-07-22 12:59:50',61568,NULL,1,NULL),(131210,'red-green-b.JPG','image/jpeg',32821,NULL,'2010-06-15 15:28:25',NULL,'2010-07-22 12:59:50',49214,NULL,1,NULL),(131211,'MyNewNews.png','image/png',32840,NULL,'2010-06-15 15:28:25',NULL,'2010-07-22 12:59:50',15258,'Updated for Confluence 3.0',1,NULL),(131212,'BlogPostContent.png','image/png',32840,NULL,'2010-06-15 15:28:25',NULL,'2010-07-22 12:59:50',4844,NULL,1,NULL),(131213,'NewsName.png','image/png',32840,NULL,'2010-06-15 15:28:25',NULL,'2010-07-22 12:59:50',2850,'Title of a news item',1,NULL),(131214,'AddBlogPostMenu.png','image/png',32840,NULL,'2010-06-15 15:28:25',NULL,'2010-07-22 12:59:50',5657,'Updated for Confluence 3.1',1,NULL),(131215,'img_welcome.png','image/png',32840,NULL,'2010-06-15 15:28:25',NULL,'2010-07-22 12:59:50',151009,'Big welcoming image',1,NULL),(131216,'btn_next.png','image/png',32840,NULL,'2010-06-15 15:28:25',NULL,'2010-07-22 12:59:50',3545,'\"Next\" button',1,NULL),(131217,'btn_previous.png','image/png',32840,NULL,'2010-06-15 15:28:25',NULL,'2010-07-22 12:59:50',3856,'\"Previous\" button',1,NULL),(131218,'btn_software_development.png','image/png',32840,NULL,'2010-06-15 15:28:25',NULL,'2010-07-22 12:59:50',5088,NULL,1,NULL),(131219,'btn_human_resources.png','image/png',32840,NULL,'2010-06-15 15:28:25',NULL,'2010-07-22 12:59:50',5009,NULL,1,NULL),(131220,'balloons_icon.png','image/png',32840,NULL,'2010-06-15 15:28:25',NULL,'2010-07-22 12:59:50',3381,'Balloons icon',1,NULL),(131221,'rosette_icon.png','image/png',32840,NULL,'2010-06-15 15:28:25',NULL,'2010-07-22 12:59:50',673,'Rosette icon',1,NULL),(131222,'information_icon.png','image/png',32840,NULL,'2010-06-15 15:28:25',NULL,'2010-07-22 12:59:50',778,'Information icon',1,NULL),(131223,'cake_icon.png','image/png',32840,NULL,'2010-06-15 15:28:25',NULL,'2010-07-22 12:59:50',676,'Cake icon',1,NULL),(131224,'book_icon.png','image/png',32840,NULL,'2010-06-15 15:28:25',NULL,'2010-07-22 12:59:50',593,'Book icon',1,NULL),(131225,'wand_icon.png','image/png',32840,NULL,'2010-06-15 15:28:25',NULL,'2010-07-22 12:59:50',570,'Wand icon',1,NULL),(131226,'MenuOverview.png','image/png',32840,NULL,'2010-06-15 15:28:25',NULL,'2010-07-22 12:59:50',57345,'Overview of Confluence menu and options',1,NULL),(131227,'usualsuspects.png','image/png',32784,NULL,'2010-06-15 15:28:25',NULL,'2010-07-22 12:59:50',94223,NULL,1,NULL),(131228,'stopcollaborate.png','image/png',32784,NULL,'2010-06-15 15:28:25',NULL,'2010-07-22 12:59:50',120754,NULL,1,NULL),(131229,'wellbuilt.png','image/png',32784,NULL,'2010-06-15 15:28:25',NULL,'2010-07-22 12:59:50',116732,NULL,1,NULL),(131230,'heroes.png','image/png',32784,NULL,'2010-06-15 15:28:25',NULL,'2010-07-22 12:59:50',291969,NULL,1,NULL),(131231,'wikipatterns.png','image/png',32784,NULL,'2010-06-15 15:28:25',NULL,'2010-07-22 12:59:50',505214,NULL,1,NULL),(131232,'support.png','image/png',32784,NULL,'2010-06-15 15:28:25',NULL,'2010-07-22 12:59:50',231576,NULL,1,NULL),(131233,'riotcontrol.png','image/png',32784,NULL,'2010-06-15 15:28:25',NULL,'2010-07-22 12:59:50',117603,NULL,1,NULL),(131234,'gotissues.png','image/png',32784,NULL,'2010-06-15 15:28:25',NULL,'2010-07-22 12:59:50',119525,NULL,1,NULL),(131235,'ncss.png','image/png',32784,NULL,'2010-06-15 15:28:25',NULL,'2010-07-22 12:59:50',244106,NULL,1,NULL),(131236,'efy2008.png','image/png',32784,NULL,'2010-06-15 15:28:25',NULL,'2010-07-22 12:59:50',114336,NULL,1,NULL),(131237,'monsters.png','image/png',32784,NULL,'2010-06-15 15:28:25',NULL,'2010-07-22 12:59:50',158480,NULL,1,NULL),(131238,'communityone.png','image/png',32784,NULL,'2010-06-15 15:28:25',NULL,'2010-07-22 12:59:50',159345,NULL,1,NULL),(131239,'codegeist2007.png','image/png',32784,NULL,'2010-06-15 15:28:25',NULL,'2010-07-22 12:59:50',215753,NULL,1,NULL),(131240,'codegeist2008.png','image/png',32784,NULL,'2010-06-15 15:28:25',NULL,'2010-07-22 12:59:50',68280,NULL,1,NULL),(131241,'blitz.png','image/png',32784,NULL,'2010-06-15 15:28:25',NULL,'2010-07-22 12:59:50',104145,NULL,1,NULL),(131242,'crest.png','image/png',32784,NULL,'2010-06-15 15:28:25',NULL,'2010-07-22 12:59:50',243800,NULL,1,NULL),(131243,'CommentExample.png','image/png',32840,NULL,'2010-06-15 15:28:25',NULL,'2010-07-22 12:59:50',11305,'Updated for Confluence 3.0',1,NULL),(131244,'UserProfileView.png','image/png',32840,NULL,'2010-06-15 15:28:25',NULL,'2010-07-22 12:59:50',32390,'Updated for Confluence 3.1',1,NULL),(131245,'UserProfilePictureLink.png','image/png',32840,NULL,'2010-06-15 15:28:25',NULL,'2010-07-22 12:59:50',14739,'Updated for Confluence 3.1',1,NULL),(131246,'UserProfilePictureUpload.png','image/png',32840,NULL,'2010-06-15 15:28:25',NULL,'2010-07-22 12:59:50',5600,'Uploading a profile picture',1,NULL),(131247,'AddCommentLink.png','image/png',32840,NULL,'2010-06-15 15:28:25',NULL,'2010-07-22 12:59:50',10848,'Updated for Confluence 3.0',1,NULL),(131248,'UserChangeName.png','image/png',32840,NULL,'2010-06-15 15:28:25',NULL,'2010-07-22 12:59:50',1538,'Reverted to Confluence 3.0',1,NULL),(131249,'UserPreferencesMenu.png','image/png',32840,NULL,'2010-06-15 15:28:25',NULL,'2010-07-22 12:59:50',5139,'Updated for Confluence 3.0',1,NULL),(131250,'PageName.png','image/png',32840,NULL,'2010-06-15 15:28:25',NULL,'2010-07-22 12:59:50',3318,'Field for page name',1,NULL),(131251,'NewPage.png','image/png',32840,NULL,'2010-06-15 15:28:25',NULL,'2010-07-22 12:59:50',14944,NULL,1,NULL),(131252,'FormatMenu.png','image/png',32840,NULL,'2010-06-15 15:28:25',NULL,'2010-07-22 12:59:50',10952,NULL,1,NULL),(131253,'SpaceKey.png','image/png',32840,NULL,'2010-06-15 15:28:25',NULL,'2010-07-22 12:59:50',1664,'Field for space key',1,NULL),(131254,'CreateSpace.png','image/png',32840,NULL,'2010-06-15 15:28:25',NULL,'2010-07-22 12:59:50',3785,'Link to create a space',1,NULL),(131255,'DefaultTheme.png','image/png',32840,NULL,'2010-06-15 15:28:25',NULL,'2010-07-22 12:59:50',4585,'Updated for Confluence 3.1',1,NULL),(131256,'SpaceName.png','image/png',32840,NULL,'2010-06-15 15:28:25',NULL,'2010-07-22 12:59:50',1779,'Field for space name',1,NULL),(131257,'InsertImageScreen2.png','image/png',32840,NULL,'2010-06-15 15:28:25',NULL,'2010-07-22 12:59:50',21241,NULL,1,NULL),(131258,'InsertImageIcon.png','image/png',32840,NULL,'2010-06-15 15:28:25',NULL,'2010-07-22 12:59:50',2517,NULL,1,NULL),(131259,'EditLink.png','image/png',32840,NULL,'2010-06-15 15:28:25',NULL,'2010-07-22 12:59:50',1912,'The Edit link',1,NULL),(131260,'InsertImageScreen.png','image/png',32840,NULL,'2010-06-15 15:28:25',NULL,'2010-07-22 12:59:50',7304,NULL,1,NULL),(131261,'PageContent.png','image/png',32840,NULL,'2010-06-15 15:28:25',NULL,'2010-07-22 12:59:50',4689,NULL,1,NULL),(131262,'AddPageMenu.png','image/png',32840,NULL,'2010-06-15 15:28:25',NULL,'2010-07-22 12:59:50',4514,'Updated for Confluence 3.1',1,NULL),(131263,'InsertTableIcon.png','image/png',32840,NULL,'2010-06-15 15:28:25',NULL,'2010-07-22 12:59:50',5089,NULL,1,NULL),(131264,'MyNewTable.png','image/png',32840,NULL,'2010-06-15 15:28:25',NULL,'2010-07-22 12:59:50',5770,NULL,1,NULL),(131265,'MyNewTable2.png','image/png',32840,NULL,'2010-06-15 15:28:25',NULL,'2010-07-22 12:59:50',7356,NULL,1,NULL),(131266,'LinkedText.png','image/png',32840,NULL,'2010-06-15 15:28:25',NULL,'2010-07-22 12:59:50',4569,NULL,1,NULL),(131267,'LinkPropertiesScreen.png','image/png',32840,NULL,'2010-06-15 15:28:25',NULL,'2010-07-22 12:59:50',15180,'Updated for Confluence 3.1',1,NULL),(131268,'InsertLink.png','image/png',32840,NULL,'2010-06-15 15:28:25',NULL,'2010-07-22 12:59:50',2688,'Updated for Confluence 3.1',1,NULL),(131269,'UserProfilePictureDefaults.png','image/png',32840,NULL,'2010-06-15 15:28:25',NULL,'2010-07-22 12:59:50',25946,'Updated for Confluence 3.0',1,NULL),(131270,'DashboardRecentlyUpdated.png','image/png',32840,NULL,'2010-06-15 15:28:25',NULL,'2010-07-22 12:59:50',23076,'Recently Updated section on Dashboard',1,NULL),(131271,'AddSpace.png','image/png',32840,NULL,'2010-06-15 15:28:25',NULL,'2010-07-22 12:59:50',1719,'\"Add Space\" button',1,NULL),(131272,'InsertLinkScreen.png','image/png',32840,NULL,'2010-06-15 15:28:25',NULL,'2010-07-22 12:59:50',9013,NULL,1,NULL),(131273,'DashboardRightClick.png','image/png',32840,NULL,'2010-06-15 15:28:25',NULL,'2010-07-22 12:59:50',6959,'Menu when right-clicking on Dashboard link',1,NULL),(131274,'Dashboard.png','image/png',32840,NULL,'2010-06-15 15:28:25',NULL,'2010-07-22 12:59:50',193777,NULL,1,NULL),(131275,'CreateSpaceScreen.png','image/png',32840,NULL,'2010-06-15 15:28:25',NULL,'2010-07-22 12:59:50',7507,'Creating a space',1,NULL),(131276,'Permissions.png','image/png',32840,NULL,'2010-06-15 15:28:25',NULL,'2010-07-22 12:59:50',4498,'Selection of permissions',1,NULL),(131277,'LoginLink.png','image/png',32840,NULL,'2010-06-15 15:28:25',NULL,'2010-07-22 12:59:50',1548,'Login link on Confluence screen',1,NULL),(131278,'NewBlogPost.png','image/png',32840,NULL,'2010-06-15 15:28:25',NULL,'2010-07-22 12:59:50',13368,NULL,1,NULL),(131279,'MyNewTable2.png','image/png',32804,NULL,'2010-06-15 15:28:25',NULL,'2010-07-22 12:59:50',7801,NULL,1,NULL),(131280,'sydney.jpg','image/jpeg',32809,NULL,'2010-06-15 15:28:25',NULL,'2010-07-22 12:59:50',109796,'Random photo of Sydney',1,NULL),(131281,'harbour bridge2.jpg','image/jpeg',32809,NULL,'2010-06-15 15:28:25',NULL,'2010-07-22 12:59:50',120894,'Shot of the Harbour Bridge from the side',1,NULL),(131282,'harbour bridge3.jpg','image/jpeg',32809,NULL,'2010-06-15 15:28:25',NULL,'2010-07-22 12:59:50',150652,'Shot of the Harbour Bridge from below',1,NULL),(131283,'sydney_downtown.jpg','image/jpeg',32809,NULL,'2010-06-15 15:28:25',NULL,'2010-07-22 12:59:50',112247,'Circular Quay in Sydney',1,NULL),(131284,'Opera House.jpg','image/jpeg',32809,NULL,'2010-06-15 15:28:25',NULL,'2010-07-22 12:59:50',93252,'Shot of the Sydney Opera House from the Harbour Bridge',1,NULL),(131285,'Daily Time Sheet.pdf','application/pdf',32834,NULL,'2010-06-15 15:28:25',NULL,'2010-07-22 12:59:50',37568,'For hourly employees to complete on a weekly basis',1,NULL),(131286,'Employee Handbook.doc','application/vnd.ms-word',32834,NULL,'2010-06-15 15:28:25',NULL,'2010-07-22 12:59:50',39424,'Everyone must read and sign this',1,NULL),(131287,'QuickNav.png','image/png',32813,NULL,'2010-06-15 15:28:25',NULL,'2010-07-22 12:59:50',10984,'quicknav screenshot',1,NULL),(131288,'UserProfilePictureExample.png','image/png',32840,NULL,'2010-06-15 15:28:25',NULL,'2010-07-22 12:59:50',12546,'Example of profile picture in Recently Updated section',1,NULL),(131289,'InsertTableScreen.png','image/png',32840,NULL,'2010-06-15 15:28:25',NULL,'2010-07-22 12:59:50',4604,NULL,1,NULL),(131290,'CropProfilePicture.png','image/png',32840,NULL,'2010-06-15 15:28:25',NULL,'2010-07-22 12:59:50',130572,'Cropping a profile picture',1,NULL),(131291,'fun.png','image/png',32840,NULL,'2010-06-15 15:28:25',NULL,'2010-07-22 12:59:50',3073,'added fun icon',1,NULL),(131292,'ds','application/octet-stream',32862,NULL,'2010-06-15 15:28:25',NULL,'2010-07-22 12:59:50',5117,NULL,1,NULL);
/*!40000 ALTER TABLE `ATTACHMENTS` ENABLE KEYS */;
UNLOCK TABLES;

--
-- Table structure for table `BANDANA`
--

DROP TABLE IF EXISTS `BANDANA`;
SET @saved_cs_client     = @@character_set_client;
SET character_set_client = utf8;
CREATE TABLE `BANDANA` (
  `BANDANAID` bigint(20) NOT NULL,
  `BANDANACONTEXT` varchar(255) default NULL,
  `BANDANAKEY` varchar(100) default NULL,
  `BANDANAVALUE` mediumtext,
  PRIMARY KEY  (`BANDANAID`),
  KEY `band_context_idx` (`BANDANACONTEXT`),
  KEY `band_key_idx` (`BANDANAKEY`)
) ENGINE=InnoDB DEFAULT CHARSET=latin1;
SET character_set_client = @saved_cs_client;

--
-- Dumping data for table `BANDANA`
--

LOCK TABLES `BANDANA` WRITE;
/*!40000 ALTER TABLE `BANDANA` DISABLE KEYS */;
INSERT INTO `BANDANA` VALUES (1,'_GLOBAL','org.apache.shindig.common.crypto.BlobCrypter:key','<string>lVjo2mquN1NYAn5/Wykmcc7h4LSkEK5LqMMrqxQEZrs=</string>'),(2,'_GLOBAL','plugin.manager.state.Map','<map/>'),(3,'_GLOBAL','atlassian.confluence.settings','<settings>\n  <doNotSave>false</doNotSave>\n  <allowCamelCase>false</allowCamelCase>\n  <allowTrackbacks>false</allowTrackbacks>\n  <allowThreadedComments>true</allowThreadedComments>\n  <viewSpaceGoesToSpaceSummary>false</viewSpaceGoesToSpaceSummary>\n  <externalUserManagement>false</externalUserManagement>\n  <denyPublicSignup>true</denyPublicSignup>\n  <emailAdminMessageOff>false</emailAdminMessageOff>\n  <almostSupportPeriodEndMessageOff>false</almostSupportPeriodEndMessageOff>\n  <supportPeriodEndMessageOff>false</supportPeriodEndMessageOff>\n  <senMissingInLicenseMessageOff>true</senMissingInLicenseMessageOff>\n  <baseUrlAdminMessageOff>false</baseUrlAdminMessageOff>\n  <allowRemoteApi>false</allowRemoteApi>\n  <allowRemoteApiAnonymous>false</allowRemoteApiAnonymous>\n  <antiXssMode>true</antiXssMode>\n  <gzippingResponse>false</gzippingResponse>\n  <disableLogo>false</disableLogo>\n  <sharedMode>false</sharedMode>\n  <enableDidYouMean>false</enableDidYouMean>\n  <enableQuickNav>true</enableQuickNav>\n  <enableSpaceStyles>false</enableSpaceStyles>\n  <enableOpenSearch>true</enableOpenSearch>\n  <enableJavascriptTop>true</enableJavascriptTop>\n  <showSystemInfoIn500Page>false</showSystemInfoIn500Page>\n  <referrerSettings>\n    <collectReferrerData>true</collectReferrerData>\n    <excludedReferrers/>\n    <hideExternalReferrers>false</hideExternalReferrers>\n  </referrerSettings>\n  <captchaSettings>\n    <enableCaptcha>false</enableCaptcha>\n    <enableDebug>false</enableDebug>\n    <captchaGroups class=\"list\"/>\n    <exclude>registered</exclude>\n  </captchaSettings>\n  <customHtmlSettings>\n    <beforeHeadEnd></beforeHeadEnd>\n    <afterBodyStart></afterBodyStart>\n    <beforeBodyEnd></beforeBodyEnd>\n  </customHtmlSettings>\n  <colourSchemesSettings>\n    <colourSchemeType>custom</colourSchemeType>\n  </colourSchemesSettings>\n  <loginManagerSettings>\n    <enableElevatedSecurityCheck>true</enableElevatedSecurityCheck>\n    <loginAttemptsThreshold>3</loginAttemptsThreshold>\n  </loginManagerSettings>\n  <confluenceHttpParameters>\n    <connectionTimeout>10000</connectionTimeout>\n    <socketTimeout>10000</socketTimeout>\n    <enabled>true</enabled>\n  </confluenceHttpParameters>\n  <attachmentMaxSize>10485760</attachmentMaxSize>\n  <draftSaveInterval>30000</draftSaveInterval>\n  <maxAttachmentsInUI>5</maxAttachmentsInUI>\n  <siteTitle>Confluence</siteTitle>\n  <documentationUrlPattern>http://docs.atlassian.com/confluence/docs-{0}/{1}</documentationUrlPattern>\n  <showContactAdministratorsForm>true</showContactAdministratorsForm>\n  <emailAddressVisibility>email.address.public</emailAddressVisibility>\n  <defaultEncoding>UTF-8</defaultEncoding>\n  <maxThumbHeight>200</maxThumbHeight>\n  <maxThumbWidth>200</maxThumbWidth>\n  <backupAttachmentsDaily>true</backupAttachmentsDaily>\n  <backupDaily>true</backupDaily>\n  <backupPath>/usr/local/confluence-data/backups</backupPath>\n  <nofollowExternalLinks>true</nofollowExternalLinks>\n  <indexingLanguage>english</indexingLanguage>\n  <globalDefaultLocale>en_GB</globalDefaultLocale>\n  <dailyBackupFilePrefix>daily-backup-</dailyBackupFilePrefix>\n  <dailyBackupDateFormatPattern>yyyy_MM_dd</dailyBackupDateFormatPattern>\n  <supportRequestEmail>confluence-autosupportrequests@atlassian.com</supportRequestEmail>\n  <enableWysiwyg>true</enableWysiwyg>\n  <useWysiwygByDefault>true</useWysiwygByDefault>\n  <numberOfBreadcrumbAncestors>1</numberOfBreadcrumbAncestors>\n  <defaultSpaceHomepageTitle>Home</defaultSpaceHomepageTitle>\n  <defaultSpaceHomepageContent>This is the home of the {0} space.\n\nTo help you on your way, we&apos;ve inserted some of our favourite macros on this home page. As you start creating pages, blogging and commenting you&apos;ll see the macros below fill up with all the activity in your space. \n{section}\n{column:width=60%}\n{recently-updated}\n{column}\n{column:width=5%}\n{column}\n{column:width=35%}\nh6. Navigate space\n{pagetreesearch}\n{pagetree}\n{column}\n{section}</defaultSpaceHomepageContent>\n  <defaultPersonalSpaceHomepageContent>h6. About Me\n{2}\n\nE-mail: {1}\n{section}\n{column:width=60%}\n{recently-updated}\n{column}\n{column:width=2%}\n{column}\n{column:width=38%}\nh6. Navigate space\n{pagetreesearch}\n{pagetree}\n{column}\n{section}</defaultPersonalSpaceHomepageContent>\n  <baseUrl>http://172.16.182.130:8080</baseUrl>\n  <attachmentDataStore>file.system.based.attachments.storage</attachmentDataStore>\n  <displayLinkIcons>false</displayLinkIcons>\n  <addWildcardsToUserAndGroupSearches>true</addWildcardsToUserAndGroupSearches>\n  <xsrfAddComments>true</xsrfAddComments>\n  <webSudoTimeout>10</webSudoTimeout>\n  <webSudoEnabled>true</webSudoEnabled>\n  <maxSimultaneousQuickNavRequests>40</maxSimultaneousQuickNavRequests>\n  <maxRssItems>200</maxRssItems>\n</settings>'),(4,'ds','atlassian.confluence.css.resource.counter','<int>24</int>'),(5,'ds','atlassian.confluence.space.settings','<com.atlassian.confluence.setup.settings.SpaceSettings>\n  <spaceKey>ds</spaceKey>\n  <disableLogo>false</disableLogo>\n  <colourSchemesSettings>\n    <colourSchemeType>theme</colourSchemeType>\n  </colourSchemesSettings>\n  <doNotSave>false</doNotSave>\n</com.atlassian.confluence.setup.settings.SpaceSettings>'),(6,'ds','atlassian.confluence.theme.settings','<map>\n  <entry>\n    <string>theme.key</string>\n    <string>com.atlassian.confluence.plugins.doctheme:documentation</string>\n  </entry>\n</map>'),(7,'ds','com.atlassian.confluence.plugins.doctheme','<com.atlassian.confluence.plugins.doctheme.Settings>\n  <header></header>\n  <footer>{include:_Links}</footer>\n  <navigation></navigation>\n  <treeEnabled>true</treeEnabled>\n</com.atlassian.confluence.plugins.doctheme.Settings>'),(491521,'_GLOBAL','confluence.server.id','<string>B8UV-YVM4-NPQH-DCSQ</string>');
/*!40000 ALTER TABLE `BANDANA` ENABLE KEYS */;
UNLOCK TABLES;

--
-- Table structure for table `BODYCONTENT`
--

DROP TABLE IF EXISTS `BODYCONTENT`;
SET @saved_cs_client     = @@character_set_client;
SET character_set_client = utf8;
CREATE TABLE `BODYCONTENT` (
  `BODYCONTENTID` bigint(20) NOT NULL,
  `BODY` longtext,
  `CONTENTID` bigint(20) default NULL,
  PRIMARY KEY  (`BODYCONTENTID`),
  KEY `body_content_idx` (`CONTENTID`),
  CONSTRAINT `FKA898D4778DD41734` FOREIGN KEY (`CONTENTID`) REFERENCES `CONTENT` (`CONTENTID`)
) ENGINE=InnoDB DEFAULT CHARSET=latin1;
SET character_set_client = @saved_cs_client;

--
-- Dumping data for table `BODYCONTENT`
--

LOCK TABLES `BODYCONTENT` WRITE;
/*!40000 ALTER TABLE `BODYCONTENT` DISABLE KEYS */;
INSERT INTO `BODYCONTENT` VALUES (163841,'Welcome to the tutorial on a page\\! This page contains all the topics from the [tutorial|Tutorial].\n\nOn this page:\n{toc}\n\nh2. Using the menus\n\n{excerpt-include:Using the menus|nopanel=true}\n\nh2. Creating a space\n\n{excerpt-include:Creating a space|nopanel=true}\n\nh2. Creating a page\n\n{excerpt-include:Creating a page|nopanel=true}\n\nh2. Adding content to a page\n\n{excerpt-include:Adding content to a page|nopanel=true}\n\nh2. Using the Dashboard\n\n{excerpt-include:Using the Dashboard|nopanel=true}\n\nh2. Updating your user profile\n\n{excerpt-include:Updating your user profile|nopanel=true}\n\nh2. Adding a comment to a page\n\n{excerpt-include:Adding a comment to a page|nopanel=true}\n\nh2. Creating a blog post\n\n{excerpt-include:Creating a blog post|nopanel=true}',32792),(163842,'Once you have completed the [tutorial|Tutorial] and read the [advanced topics|Advanced Topics], you may want to refer to the Confluence online documentation.\n\n\nh4. Detailed instructions on using and administering Confluence\n [Confluence User Guide|http://confluence.atlassian.com/display/DOC/Confluence+User%27s+Guide]\n[Confluence Administrator Guide|http://confluence.atlassian.com/display/DOC/Confluence+Administrator%27s+Guide]\n\\\\\n\\\\\nh4. More background on Confluence\n[Frequently Asked Questions (FAQ)|http://www.atlassian.com/software/confluence/wiki.jsp]\n[Feature Tour|http://www.atlassian.com/software/confluence/features/]\n[Wiki Solutions|http://www.atlassian.com/software/confluence/solutions/]\n\\\\\n\\\\\nh4. Information for people evaluating Confluence\n[Evaluator Resources |http://confluence.atlassian.com/display/CONFEVAL]\n\\\\\n\\\\\n{include:_Links|nopanel=true}\n\\\\\n\\\\',32785),(163843,'[!_Images^btn_previous.png!|Have Fun] [!_Images^btn_next.png|align=right!|Examples]\\\\\n\\\\\n{tip:icon=none}Confluence lets you easily embed content from popular user-generated sites like Youtube, Flickr, Slideshare, Google, Twitter and many other others.\n* *Add a YouTube video to this page* by clicking the \'edit\' button and pasting \\*{{\\{widget:url={nolink}[http://www.youtube.com/watch?v=LIcv2V_Qwf8/]{nolink}\\}}}\\* at the bottom of the page.{tip}\n{section}\n{column}\n\nh3. Managing HR Projects with Confluence\n{widget:url=http://app.episodic.com/shows/13/episodes/l6m8em4tzacd}\n{column}\n{column:width=1%}\n{column}\n{column}\n\nh3. Effective Delivery of HR Initiatives with Confluence\n{widget:url=http://app.episodic.com/shows/13/episodes/l6mls9kftfsb}\n{column}\n{section}\n[!_Images^btn_previous.png!|Have Fun] [!_Images^btn_next.png|align=right!|Examples]\\\\\n\\\\\n{warning:title=Warning: Sample Content}This is sample content that comes included with Confluence for the purposes of demonstrating how the product can be used.',32774),(163844,'[!_Images^btn_previous.png!|Team Blog] [!_Images^btn_next.png|align=right!|Examples]\\\\\n\\\\\n{tip:icon=none}Confluence lets you easily embed content from popular user-generated sites like Youtube, Flickr, Slideshare, Google, Twitter and many other others.\n* *Add a YouTube video* to this page by clicking the \'edit\' button and pasting \\*{{\\{widget:url={nolink}[http://www.youtube.com/watch?v=oHg5SJYRHA0]{nolink}\\}}}\\* at the bottom of the page.{tip}\n{section}\n{column}\n\nh3. Confluence Overview\n\nThis video gives users a basic understanding of how Confluence works and how it can help them do their jobs.\n{widget:url=http://app.episodic.com/shows/13/episodes/ob05qze293ie}\n{column}\n{column:width=1%}\n{column}\n{column}\nh3. What\'s New in Confluence 3.1\n\nBatch upload files and embed Office documents in Confluence pages using drag-and-drop.\n{widget:url=http://app.episodic.com/shows/13/episodes/oce57tsh24h2}\n{column}\n{section}\n{section}\n{column}\nh3. Introducing Drag-and-Drop\n\nBatch upload files and embed Office documents in Confluence pages using drag-and-drop.\n{widget:url=http://app.episodic.com/shows/13/episodes/o4qiwcwlawhz}\n{column}\n{column:width=1%}\n{column}\n{column}\nh3. Wiki Adoption\n\nThis slideshow can give customers an idea of how to propagate an enterprise wiki throughout their organisation.\n{widget:url=http://www.slideshare.net/mcannonbrookes/organisational-wiki-adoption}\n{column}\n{section}\n[!_Images^btn_previous.png!|Team Blog] [!_Images^btn_next.png|align=right!|Examples]\\\\\n\\\\\n{warning:title=Warning: Sample Content}This is sample content that comes included with Confluence for the purposes of demonstrating how the product can be used.{warning}',32847),(163845,'[!_Images^btn_previous.png!|Company Birthday List] [!_Images^btn_next.png|align=right!|How the Talent Team at Atlassian use Confluence] \n\\\\\n\\\\\n{tip:icon=none}Confluence lets you easily embed content from popular user-generated sites like Youtube, Flickr, Slideshare, Google, Twitter and many other others.\n* *Add a YouTube video to this page* by clicking the \'edit\' button and pasting *{{\\{widget:url={nolink}http://www.youtube.com/watch?v=LIcv2V_Qwf8/{nolink}\\}}}* at the bottom of the page.{tip}\n\nWe work hard to create useful products that people lust after, but we also know how to have fun. So what exactly is it like to work and have fun here?\n{section}\n{column}\nh3. Life at Atlassian\n\nWe\'ve created a culture of openness and honesty, with no bullshit and no bureaucracy. Learn all about our values in the video below:\n\n{widget:url=http://www.youtube.com/watch?v=EtEgMc1bQTs}\n{column}\n{column:width=1%}\n{column}\n{column}\nh3. San Francisco Holiday Party - December 2007\n\nThe San Francisco crew chose for their holiday event a night of great food and jazz at the newly opened Yoshi\'s on Fillmore in San Francisco.\n\n{widget:url=http://www.youtube.com/watch?v=RYeYutnFfNU}\n{column}\n{section}\n\\\\\n[!_Images^btn_previous.png!|Company Birthday List] [!_Images^btn_next.png|align=right!|How the Talent Team at Atlassian use Confluence] \n\\\\\n{warning:title=Warning: Sample Content}This is sample content that comes included with Confluence for the purposes of demonstrating how the product can be used.{warning}',32838),(163846,'{section}\n{column:width=600px}\n\nh3. Welcome to Confluence\n----\n!_Images^img_welcome.png|width=590,height=279!\n{column}\n{column:width=300px}\n\nh3. Examples and Tutorials\n----\n\\\\\n[!_Images^btn_examples.png!|Examples]\\\\\n\\\\\n[!_Images^btn_tutorial.png!|Tutorial]\\\\\n\\\\\n[!_Images^btn_advanced.png!|Advanced topics]\\\\\n\\\\\n[!_Images^btn_plugins.png!|Featured Plugins]\n\n{column}\n{column}\n{column}\n{section}',32802),(163847,'{excerpt}\n{section}\n{column:width=60%}\nThe image below gives an overview of the menus in Confluence. The menus give you access to all the available actions on your Confluence site.\n\\\\\n\\\\\n!_images^MenuOverview.png!\n\\\\\n\\\\\n|| Menu or option || Explanation ||\n| *Browse* menu |The \'Browse\' menu gives access to wiki content such as pages, blog posts, etc, and allows you to browse the People Directory. If you are an administrator, the space and site administration options appear here too. |\n| *User* menu | After you have logged in, your name will appear at top right of the screen. The \'User\' menu appears when your cursor hovers over your name. The menu allows you to log out, access your user profile, editing history, personal labels, page watches and the activities of other users in your network. You can also retrieve drafts of pages you are editing. |\n|*Search* box | Type into this box and press \'Enter\' to search. |\n| *Edit* button | The \'Edit\' button allows you to edit the page. |\n| *Add* menu | The \'Add\' menu allows you to add things to a page or space.|\n| *Tools* menu | The \'Tools\' menu contains miscellaneous actions relating to the page.|\n| *Labels* | This line shows labels (or tags) attached to the current page. |\n{column}\n\n\n{column}\n{info:icon=false}\nIf your Confluence administrator has customised your Confluence site, then the menus may appear in different positions from those shown here.\n\nIf you are not logged in to Confluence,  the \'Browse\' menu and the \'User\' menu will not appear. Instead, a \'Log In\' link will appear.\n{info}\n{column}\n{section}\n{excerpt}\n\\\\\n\n[!_Images^btn_previous.png!|Home]&nbsp;&nbsp;&nbsp;[!_Images^btn_next.png!|Creating a space]\n\\\\\n\\\\\n*In the tutorial:*\n{children:page=Tutorial}',32803),(163848,'{excerpt}\n{section}\n{column:width=60%}\nNow you will change your Confluence \'Full Name\' (that is, the name  by which you are known to other Confluence users) and profile picture (that is, the picture by which you are known to other Confluence users).\n# Log in to Confluence, if you are not logged in already, by clicking the \'*Log In*\' link at the top right of your Confluence screen.\n!_Images^LoginLink.png|border=1,bordercolor=gray!\\\\\n\\\\\n# From the menu under your name, select \'*Profile*\'.\n!_Images^UserPreferencesMenu.png|border=1,bordercolor=gray!\\\\\n\\\\\n# The \'*Profile*\' view of your user profile appears.\n!_Images^UserProfileView.png|border=1,bordercolor=gray!\\\\\n\\\\\n# Click the \'*Edit*\' link within the \'*Personal*\' section on the right-hand-side of this view.\n\\\\\n\\\\\n# In the \'*Full Name*\' box, correct the spelling or type an alternative version of your name (e.g. a nickname).\n!_Images^UserChangeName.png|border=1,bordercolor=gray!\\\\\n\\\\\n# Click the \'*Save*\' button.\n\\\\\n\\\\\n# Your Full Name has now been changed.\n\\\\\n\\\\  (/) Hint: Changing your Full Name does not affect your login name (i.e. username).\n\\\\\n\\\\\n# Still in the \'*Profile*\' view, click \'*Picture*\' at the left of the screen.\n!_Images^UserProfilePictureLink.png|border=1,bordercolor=gray!\\\\\n\\\\\n# Click the \'*Browse*\' button, and select a photo of yourself (e.g. a GIF, JPG or PNG file) from your computer. Then click the \'*Upload*\' button.\n!_Images^UserProfilePictureUpload.png|border=1,bordercolor=gray!\\\\\n\\\\  (/) If you don\'t have a suitable image file, select one of the \'*Default Icons*\' instead. Here are some of them. You will find more on your Profile Picture screen.\n!_Images^UserProfilePictureDefaults.png|border=1,bordercolor=gray!\\\\\n\\\\\n# If the picture you selected is too big, you can now trim it. You will see your picture, with a highlighted box somewhere in the middle. Click and drag the box so that it covers the area of the picture you want. Pull the corners of the box in or out to select a larger or smaller area.\n!_Images^CropProfilePicture.png|border=1,bordercolor=gray!\\\\\n\\\\\n# Click the \'*Save*\' button. Confluence will use the area of the picture which you have selected, and will resize it to the required size (48 pixels by 48 pixels).\n\\\\\n\\\\\n# Your profile picture will appear next to any comments that you add and next to your updates on the Dashboard. Here\'s an example:\n!_Images^UserProfilePictureExample.png|border=1,bordercolor=gray!\n{column}\n{column}\n{info:icon=false}\nYour user profile contains your user details (e.g. your name, your picture and your password) and your Confluence user preferences (e.g. time zone and email format). For more information about updating your user profile, please see the [documentation|http://confluence.atlassian.com/x/yyAC].\n{info}\n{column}\n{section}{excerpt}\n\\\\\n\n[!_Images^btn_previous.png!|Using the Dashboard]&nbsp;&nbsp;&nbsp;[!_Images^btn_next.png!|Adding a comment to a page]\\\\\n\\\\\n*In the tutorial:*\n{children:page=Tutorial}',32806),(163849,'*On this page:*\n{toc}\n\n{excerpt}\n{section}\n{column:width=60%}\nIn the [previous step|Creating a page], you created a page with some sample content. Now you will edit the page you have created and add some more content.\n\nh4. Opening the page for editing\n\n# If you are not already viewing the page, go to the page you want to edit.\n\\\\\n\\\\\n# Click the \'*Edit*\' button on the page you want to edit. The button looks like this:\n!_Images^EditLink.png|border=1,bordercolor=gray!\\\\\n\\\\\n# Click an empty line in the large \'*Rich Text*\' area, below the symbols \'*B* *{_}I{_}* *{+}U{+}*\'.\n!_Images^PageContent.png|border=1,bordercolor=gray!\\\\\n\\\\\n# Press the \'Enter\' key twice to create two new lines.\n\nh4. Inserting an image\n\n# Click the \'*Insert Image*\' icon on your page.\n!_Images^InsertImageIcon.png|border=1,bordercolor=gray!\\\\\n\\\\\n# The \'Insert Image\' window will appear. Ensure that \'Attached Images\' is selected on the left of the window and click the \'*Browse*\' button.\n!_Images^InsertImageScreen.png|border=1,bordercolor=gray!\\\\\n\\\\\n# A popup window will appear. Select an image file from your computer or your network and click \'*OK*\' to upload it to Confluence.\n\\\\\n\\\\\n# Your image appears in the \'Insert Image\' window. Click the image you have just attached to select it.\n!_Images^InsertImageScreen2.png|border=1,bordercolor=gray!\\\\\n\\\\\n# Click the \'*Insert*\' button.\n\\\\\n\\\\\n# Your selected image now appears on your page.\n\nFor more information about working with images, please see the [documentation|http://confluence.atlassian.com/x/jhYC].\n\nh4. Inserting a link\n\n# Press the \'Enter\' key twice to create two more new lines.\n\\\\\n\\\\\n# Type the following sentence: \'What is a wiki?\'.\n\\\\\n\\\\\n# Select the word \'wiki\', then click the \'*Insert Link*\' icon on your page.\n!_Images^InsertLink.png|border=1,bordercolor=gray!\\\\\n\\\\\n# The \'Insert Link\' window will appear.\n!_Images^InsertLinkScreen.png|border=1,bordercolor=gray!\\\\\n\\\\\n# Click \'*Web Link*\' and type \'http://www.atlassian.com/software/confluence/wiki.jsp\' in the \'*URL*\' box.\n\\\\\n\\\\\n# Click the \'*Insert*\' button.\n\\\\\n\\\\\n# The word \'wiki\' is now a link.\n!_Images^LinkedText.png|border=1,bordercolor=gray!\\\\\n\\\\\n\nFor more information about working with links, please see the [documentation|http://confluence.atlassian.com/x/8RUC].\n\nh4. Inserting a table\n\n# Press the \'Enter\' key twice to create two more new lines.\n\\\\\n\\\\\n# Click the \'*Insert Table*\' icon on your page.\n!_Images^InsertTableIcon.png|border=1,bordercolor=gray!\\\\\n\\\\\n# The \'Insert/Modify Table\' window will appear. Click the \'*OK*\' button.\n!_Images^InsertTableScreen.png|border=1,bordercolor=gray!\\\\\n\\\\\n# A table with four rows and three columns now appears on your page.\n!_Images^MyNewTable.png|border=1,bordercolor=gray!\\\\\n\\\\\n# Click in the column headings or other table cells to add your content to the table.\n!_Images^MyNewTable2.png|border=1,bordercolor=gray!\\\\\n\\\\\n\nFor more information about working with tables, please see the [documentation|http://confluence.atlassian.com/x/DxUC].\n\nh4. Saving your changes\n\n* Click the \'*Save*\' button to save your page.\n{column}\n{column}\n{info:icon=false}\nThese instructions assume that you are using the Rich Text Editor.\n\nIf you are using Wiki Markup instead, please take a look at the documentation on [working with images|http://confluence.atlassian.com/x/7CAC], [working with links|http://confluence.atlassian.com/x/cCAC] and [working with tables|http://confluence.atlassian.com/x/iSAC].\n{info}\n{column}\n{section}{excerpt}\n\\\\\n\n[!_Images^btn_previous.png!|Creating a page]&nbsp;&nbsp;&nbsp;[!_Images^btn_next.png!|Using the Dashboard]\\\\\n\\\\\n*In the tutorial:*\n{children:page=Tutorial}',32804),(163850,'{excerpt}\n{section}\n{column:width=60%}\nNow you will create a page in your new space.\n\\\\\n\\\\ (/) Hint: Perform these instructions in the new browser window which you opened previously. (See [Creating a space]).\n\\\\\n\\\\\n# Under the \'*Add*\' menu, select \'*Page*\'.\n!_Images^AddPageMenu.png|border=1,bordercolor=gray!\\\\\n\\\\\n# A new, blank page appears.\n!_Images^NewPage.png|border=1,bordercolor=gray!\\\\\n\\\\\n# Click in the box near the top of the screen, where the words \'*New Page*\' appear. The words \'New Page\' will disappear. Type a title for your page (e.g. \'About this space\').\n!_Images^PageName.png|border=1,bordercolor=gray!\\\\\n\\\\\n# Click in the large \'*Rich Text*\' area, below the symbols \'*B* *{_}I{_}* *{+}U{+}*\'. Type a sentence or two (e.g. a description of your space).\n!_Images^PageContent.png|border=1,bordercolor=gray!\\\\\n\\\\\n# Press the \'Enter\' key twice, to create two new lines.\n\\\\\n\\\\\n# Select \'*Heading 2*\' from the \'Text Styles\' box above the \'Rich Text\' area, then type \'This is a big heading\'.\n!_Images^FormatMenu.png|border=1,bordercolor=gray!\\\\\n\\\\\n# Press the \'Enter\' key twice more to create two more new lines.\n\\\\\n\\\\\n# Select \'*Heading 5*\' from the \'Text Styles\' box, then type \'This is a small heading\'.\n\\\\\n\\\\ (/) Below the \'Rich Text\' area you will find the page\'s *Location*, *Restrictions* and *Labels*. You don\'t need to change anything at this time.\n\\\\\n\\\\\n# Click the \'*Save*\' button.\n\\\\\n\\\\\n# You can now see your newly created page.\n!_Images^MyNewPage.png|border=1,bordercolor=gray!\n{column}\n{column}\n{info:icon=false}\nThis tutorial introduces you to the Confluence Rich Text editor, which is similar to text editors you may have used in other software programs. Alternatively, you can choose to use Wiki Markup (a simple content-formatting language, known as Confluence Notation). A quick notation guide, *Help Tips*, appears at the right of the screen when you choose the \'*Wiki Markup*\' edit tab. You can then click the \'*Full notation guide*\' link to view the full Notation Guide. For more information about Confluence Notation, please see the [documentation|http://confluence.atlassian.com/x/CyEC].\n{info}\n{column}\n{section}{excerpt}\n\\\\\n\n[!_Images^btn_previous.png!|Creating a space]&nbsp;&nbsp;&nbsp;[!_Images^btn_next.png!|Adding content to a page]\\\\\n\\\\\n*In the tutorial:*\n{children:page=Tutorial}',32805),(163851,'{excerpt}\n{section}\n{column:width=60%}\nNow you will create a blog post in your new space.\n\\\\\n\\\\  (/) Hint: Perform these instructions in the new browser window which you opened previously. (See [Creating a space]).\n\\\\\n\\\\\n# Under the \'*Add*\' menu, select \'*Blog Post*\'.\n!_Images^AddBlogPostMenu.png|border=1,bordercolor=gray!\\\\\n\\\\\n# A new, blank blog post appears.\n!_Images^NewBlogPost.png|border=1,bordercolor=gray!\\\\\n\\\\\n# Click in the box near the top of the screen, where the words \'*New Blog Post*\' appears. The words \'New Blog Post\' will disappear. Type a title for your blog post (e.g. \'Latest update\').\n!_Images^NewsName.png|border=1,bordercolor=gray!\\\\\n\\\\\n# Click in the large \'*Rich Text*\' area, below the symbols \'*B* *{_}I{_}* *{+}U{+}*\'. Type several sentences.\n!_Images^BlogPostContent.png|border=1,bordercolor=gray!\\\\\n\\\\ (/) Below the \'Rich Text\' area are the page\'s Labels and Posting Day (which defaults to today). You don\'t need to change anything at this time.\n\\\\\n\\\\\n# Click the \'*Save*\' button.\n\\\\\n\\\\\n# You can now see your newly created blog post.\n!_Images^MyNewNews.png|border=1,bordercolor=gray!\n{column}\n{column}\n{info:icon=false}\n*What is a blog post?*\nConfluence blog posts are special pages found in the \'blog\' section of each space. They can be announcements, journal entries, status reports or any other timely information you would categorise as a blog entry or \'news\'.\n\nFor more information about working with blogs, please see the [documentation|http://confluence.atlassian.com/x/rSAC].\n{info}\n{column}\n{section}{excerpt}\nCongratulations, you have finished the Tutorial\\! Next, you may like to see some [examples of wiki pages|Examples], read some of the [advanced topics|Advanced topics] or take a look at our [other documentation|More information].\n\\\\\n\n[!_Images^btn_previous.png!|Adding a comment to a page]\\\\\n\\\\\n*In the tutorial:*\n{children:page=Tutorial}',32808),(163852,'{excerpt}\n{section}\n{column:width=60%}\nNow you will add a comment to the page that you previously created. (See [Creating a page].)\n# Go to your new page.\n(/) For assistance on finding the page, please see [Using the Dashboard] earlier in the tutorial.\n\\\\\n\\\\\n# Click the \'*Add Comment*\' link at the bottom of the page.\n!_Images^AddCommentLink.png|border=1,bordercolor=gray!\n\\\\\n\\\\\n# A \'Rich Text\' area appears at the bottom of the page.\n!_Images^CommentBox.png|border=1,bordercolor=gray!\n\\\\\n\\\\\n# Type a remark about the page.\n\\\\\n\\\\\n# Click the \'*Post*\' button.\n\\\\\n\\\\\n# Your comment now appears at the bottom of the page, together with your name, the profile picture you added previously (see [Updating your user profile]) and the time your comment was made.\n!_Images^CommentExample.png|border=1,bordercolor=gray!\n\\\\\n\\\\\n{column}\n\n{column}\n{info:icon=false}\nPosting comments in Confluence allows you and your colleagues to hold discussions within your wiki. You can often use the wiki instead of email, for example.\n{info}\n{column}\n{section}\n{excerpt}\n\\\\\n\n[!_Images^btn_previous.png!|Updating your user profile]&nbsp;&nbsp;&nbsp;[!_Images^btn_next.png!|Creating a blog post]\n\\\\\n\\\\\n*In the tutorial:*\n{children:page=Tutorial}',32810),(163853,'{excerpt}\n{section}\n{column:width=60%}\nThe following instructions will show you how to view the hierarchy of pages within a space, and move pages to different positions within the hierarchy.\n\n(/) It is suggested that you use the new space that you created during the [Tutorial] (see \'[Creating a space]\').&nbsp;\n\nPART A: First, you will create some new pages :\n# Go to the home page of your new space.\n# Under the \'*Add*\' menu, select \'*Page*\'.\n# A new, blank page appears.\n# Click in the box near the top of the screen, where the words \'*New Page*\' appear. The words \'*New Page*\' will disappear. Type the following title: \'Book One\'.\n# Save your new page and go back to the space\'s home page.\n# Repeat steps 2-5, but give your new page the title \'Chapter One\'.\n# Repeat steps 2-5, but give your new page the title \'Chapter Two\'.\n\nYou have now created three new pages. All three pages are children of the space\'s home page.\n\nPART B: Now you will view the pages within your space, and move some of your new pages into more logical positions:\n# From the \'*Browse*\' menu, select \'*Pages*\'.\n# A list of pages appears.\n# Click the plus-sign next to the word \'*Home*\'.\n# A list of pages (i.e. children of the space\'s home page) is displayed. Your three new pages are included in the list, i.e.\n#* \'Book One\'\n#* \'Chapter One\'\n#* \'Chapter Two\'\n# With your mouse, drag \'Chapter One\' onto \'Book One\'.\n# Click the plus-sign next to the word \'*Home*\'.\n# A plus-sign now appears next to the words \'Book One\'. Click this plus-sign.\n# \'Chapter One\' now appears indented below \'Book One\'. Your tree should now look like this:\n#* \'Book One\'\n#** \'Chapter One\'\n#* \'Chapter Two\'\n# With your mouse, drag \'Chapter Two\' onto \'Book One\'.\n# Click the plus-sign next to the word \'*Home*\'.\n# Click the plus-sign next to the words \'Chapter One\'. \'Your tree should now look like this:\n#* \'Book One\'\n#** \'Chapter One\'\n#** \'Chapter Two\'\n{column}\n{column}\n{info:icon=false}In Confluence, you can organise pages into a hierarchy of parent and child pages. Pages in such a hierarchy are called a \'_page family_\' (or _\'page tree\'_). For more information about working with page families, please see the [documentation|http://confluence.atlassian.com/x/fSAC]. By default, a new page is the child of the page you were viewing when you started creating the new page.\nThere are three ways to view the list of pages in a space. You can choose to view:\n- recently-added pages only\n\n- all pages, in alphabetic order\n\n- all pages, in hierarchical order (also known as a \'page tree\')\n\nIf the list of pages contains just the word \'Home\' with a plus-sign next to it, then you are looking at the hierarchical order. If not, click \'Tree\' (next to the word \'View\', above the list of pages).\n{info}\n{column}\n{section}{excerpt}\n\\\\',32814),(163854,'{excerpt}\n{section}\n{column:width=60%}\nNow that you have seen how the [menus|Using the menus] work, you are ready to start creating content in Confluence. Let\'s begin by adding a new space.\n# Log in to Confluence, if you are not logged in already, by clicking the \'*Log In*\' link at the top right of your Confluence screen.\n!_Images^LoginLink.png|border=1,bordercolor=gray!\\\\\n\\\\\n# Right-click the \'*Dashboard*\' link at the top left of your screen and open the link in a new browser window.\n!_Images^DashboardRightClick.png|border=1,bordercolor=gray!\\\\\n\\\\  (/) Hint: Perform the rest of these instructions in the new browser window.\n\\\\\n\\\\\n# Your Confluence Dashboard appears in the new window. On the left of the screen is a list of spaces. (The Demonstration Space will be one of those spaces.)\n!_Images^Dashboard.png|border=1,bordercolor=gray!\\\\\n\\\\\n# Click the \'*Add space*\' button, located below the welcome message.\n!_Images^AddSpace.png|border=1,bordercolor=gray!\\\\\n\\\\\n# The \'Create Space\' screen appears.\n!_Images^CreateSpaceScreen.png|border=1,bordercolor=gray!\\\\\n\\\\\n# In the \'*Enter a Space Name*\' box, type a name for your new space. You may want to use your department name (e.g. \'IT\', \'Finance\' or \'Marketing\') or a name that identifies the purpose of the space (e.g. \'Test Space\').\n!_Images^SpaceName.png|border=1,bordercolor=gray!\\\\\n\\\\\n# In the \'*Enter a Space Key*\' box, type a short abbreviation of the space name (e.g. \'IT\' or \'TEST\').\n!_Images^SpaceKey.png|border=1,bordercolor=gray!\\\\\n\\\\\n# Under \'*Who can use this space*\', all the boxes are ticked. You don\'t need to change anything at this time. For information about space permissions, please see the [documentation|http://confluence.atlassian.com/display/DOC/Space+Permissions+Overview].\n!_Images^Permissions.png|border=1,bordercolor=gray!\\\\\n\\\\\n# Under \'*Choose Theme*\', the \'Default Theme\' is selected. Keep the Default Theme for now. For information about themes, please see the [documentation|http://confluence.atlassian.com/x/DyEC].\n!_Images^DefaultTheme.png|border=1,bordercolor=gray!\\\\\n\\\\\n# Click the \'*OK*\' button, located at the bottom of the screen.\n\\\\\n\\\\\n# The home page of your new space appears.\n{column}\n{column}\n{info:icon=false}\n*What is a space?*\nA space is an area within Confluence, containing your wiki pages. You can think of each space as a sub-site, or mini-site, each with its own home page. You are looking at a space right now, called the Demonstration Space.\n\n*How many spaces should I create?*\nThat depends on how you are planning to use Confluence. For example, if you are going to use Confluence for your intranet, you may want to create one space per department. If you want to use Confluence to write technical documentation, you could create one space per product.\n{info}\n{column}\n{section}{excerpt}\n\\\\\n\n[!_Images^btn_previous.png!|Using the menus]&nbsp;&nbsp;&nbsp;[!_Images^btn_next.png!|Creating a page]\\\\\n\\\\\n*In the tutorial:*\n{children:page=Tutorial}',32812),(163855,'{excerpt}\n{section}\n{column:width=60%}\nNow you will use the Dashboard to navigate to the new page and the new space that you created in previous steps of this tutorial.\n# Right-click the \'*Dashboard*\' link at the top left of your screen, and open the link in a new browser window.\n!_Images^DashboardRightClick.png|border=1,bordercolor=gray!\\\\\n\\\\  (/) Hint: Perform the rest of these instructions in the new browser window.\n\\\\\n\\\\\n# Your Confluence Dashboard appears in the new window.\n\\\\\n\\\\\n# On the right of your Dashboard, under the heading \'*Recently Updated*\', is a list of pages that have recently been added or edited. The page that you previously created will appear in this list (unless many other pages have been added or edited in the meantime).\n!_Images^DashboardRecentlyUpdated.png|border=1,bordercolor=gray!\\\\\n\\\\  (/) If your page doesn\'t appear in the list, skip this step and go to step 6.\n\\\\\n\\\\\n# Click the name of the page that you previously created.\n\\\\\n\\\\\n# Your page appears.\n\\\\\n\\\\\n# Click the \'*Dashboard*\' link at the top left of the screen. Your Confluence Dashboard appears again.\n\\\\\n\\\\\n# On the left of your Dashboard is a list of spaces. Next to each space\'s name is the \'space\' icon !_Images^web_16.gif!\n!_Images^Dashboard.png|border=1,bordercolor=gray!\\\\\n\\\\\n# Click the name of the space that you previously created.\n\\\\\n\\\\\n# The home page of your space appears.\n{column}\n{column}\n{info:icon=false}\nThe Dashboard is the home page of your Confluence wiki. The Dashboard contains a list of all the spaces within your wiki, as well as a list of recently updated content.\n\nFrom the Dashboard, you can click any space\'s name to go to the space\'s home page.\n\nTo get to the Dashboard from anywhere within your wiki, click the \'Dashboard\' link at the top left of your screen.\n{info}\n{column}\n{section}{excerpt}\n\\\\\n\n[!_Images^btn_previous.png!|Adding content to a page]&nbsp;&nbsp;&nbsp;[!_Images^btn_next.png!|Updating your user profile]\\\\\n\\\\\n*In the tutorial:*\n{children:page=Tutorial}',32807),(163856,'{section}\n{column:width=60%}\nIf you have used Confluence before, you may be interested in the following advanced topics:\n\\\\\n{children:style=h5}\n\\\\\n{column}\n{column}\n{info:icon=false}If you are new to Confluence, you may like to start with the [Tutorial].\n{info}\n{column}\n{section}\n\n{include:_Links|nopanel=true}\n\\\\\n\\\\',32811),(163857,'[!_Images^balloons_icon.png!|http://confluence.atlassian.com/display/DOC/Confluence+User%27s+Guide] [User Guide|http://confluence.atlassian.com/display/DOC/Confluence+User%27s+Guide] \\| [!_Images^cake_icon.png!|http://confluence.atlassian.com/display/DOC/Confluence+Administrator%27s+Guide] [Administrator Guide|http://confluence.atlassian.com/display/DOC/Confluence+Administrator%27s+Guide] \\| [!_Images^information_icon.png!|http://www.atlassian.com/software/confluence/wiki.jsp] [FAQ|http://confluence.atlassian.com/x/-QG6D] \\| [!_Images^wand_icon.png!|http://www.atlassian.com/software/confluence/features/] [Feature Tour|http://www.atlassian.com/software/confluence/features/] \\| [!_Images^book_icon.png!|http://confluence.atlassian.com/display/CONFEVAL/] [Evaluator Resources|http://confluence.atlassian.com/x/_gG6D]',32795),(163858,'The [tutorial|Tutorial] is designed primarily for evaluators who have recently downloaded and installed Confluence.\n\nIf you have already deployed Confluence in your organisation, and are using the tutorial to provide a general introduction for new users on your wiki, please note that the tutorial assumes the following to be true:\n* Your Confluence site is using the Default theme.\n* The user has the \'Create Space\' permission.\n* The user has online web access. This is recommended but not essential, because the tutorial includes links to the Confluence online documentation to provide extra information.',32856),(163859,'[!_Images^btn_previous.png!|Meeting Notes] [!_Images^btn_next.png|align=right!|Team Blog]\n\\\\\n\\\\ \n{tip:icon=none}The sales team uses charts to create a sales dashboard showing their performance relative to plan. Once you become an advanced user, you can [connect the charts to your sales database using SQL|http://blogs.atlassian.com/news/2009/08/confluence_business_intelligence_part1.html] so that you can display your sales data in real time. \n* *[Edit|Using the menus] this page and change a number in one of the charts below.* Notice how the chart changes when you preview or save your change.\n* *[Edit|Using the menus] this page and change a bar chart below into a line chart.* Change \"_type=bar_\" to \"_type=line_\" inside the \\{chart} macro. Watch the chart type change when you preview or save your change.{tip}\n{section}\n{column}\n{chart:type=bar|title=Monthly Sales|dataOrientation=vertical|rangeAxisLowerBound=500|width=500|xLabel=Month|yLabel=US$ in 000\'s|colors=,#CCCCCC|rangeaxislowerbound=500}\n|| Month || Sales ||\n| 1 | 665 |\n| 2 | 715 |\n| 3 | 750 |\n| 4 | 785 |\n| 5 | 820 |\n| 6 | 850 |\n| 7 | 890 |\n| 8 | 925 |\n| 9 | 960 |\n\n|| Month || Goal ||\n| 9 | 900 |\n| 10 | 930 |\n| 11 | 960 |\n| 12 | 990 |\n{chart}\n{column}\n{column:width=10%}\n{column}\n{column}\n{chart:type=line|title=YTD Sales|dataOrientation=vertical|rangeAxisLowerBound=500|rangeAxisUpperBound=11000|xLabel=Month|yLabel=US$ in 000\'s|width=500|colors=#6495ED,#CCCCCC|showShapes=false}\n|| Month || YTD Sales ||\n| 1 | 665 |\n| 2 | 1380 |\n| 3 | 2133 |\n| 4 | 2917 |\n| 5 | 3735 |\n| 6 | 4587 |\n| 7 | 5475 |\n| 8 | 6400 |\n| 9 | 7400 |\n\n|| Month || YTD Goal ||\n| 9 | 7,100 |\n| 10 | 8,100 |\n| 11 | 9,000 |\n| 12 | 10,000 |\n{chart}\n{column}\n{section}\n\\\\\n{excerpt}{chart:type=pie|3D=true|title=Sales by Rep|dataOrientation=vertical|width=500|colors=#6495ED,#CCCCCC|pieSectionLabel=%0% ( $%1% )|legend=false|}\n|| Pre-Sales Rep || YTD ||\n|Boots |2062|\n|Kevin |1694|\n|Matt |1694|\n|Dave |1620|\n{chart}{excerpt}\n[!_Images^btn_previous.png!|Meeting Notes] [!_Images^btn_next.png|align=right!|Team Blog]\n\\\\\n\\\\\n{warning:title=Warning: Sample Content}This is sample content that comes included with Confluence for the purposes of demonstrating how the product can be used.{warning}',32824),(163860,'{section}\n{column:width=60%}\nThis tutorial will help you get started with Confluence:\n{children:style=h5}\n\\\\\n\\\\\n[!_Images^btn_next.png!|Using the menus]\n{column}\n\n{column}\n{info:icon=false}\n*What is a space?*\nA space is an area within Confluence, containing your wiki pages. You can think of each space as a sub-site, or mini-site, each with its own home page.\n\n*What is the Dashboard?*\nThe Dashboard is the home page of your Confluence wiki. The Dashboard contains a list of all the spaces within your wiki, as well as a list of recently updated content.\n\n*What is a wiki?*\nA wiki is a piece of software that allows you and your colleagues to create and edit web pages quickly and simply. Just click, edit and save. Content is published immediately.\n\n*What is Confluence?*\nConfluence is an enterprise wiki with some extra communication tools, including blog posts and RSS feeds.\n\n*What makes Confluence an enterprise wiki?*\nDifferent organisations use Confluence for different purposes: as a company intranet, corporate website, project workspace, knowledge base, documentation site and a host of other implementations. All these are made possible by Confluence\'s enterprise-appropriate features, including: security permissions at the page, space and site level; content structuring and restructuring options; LDAP compatibility and more.\n\n(/) If you prefer, you can see the whole tutorial [on one page|Tutorial (all on one page)].\n{info}\n{column}\n{section}',32820),(163861,'{note:title=Installing Plugins}\n\nThe plugins featured on this page are not installed out-of-the-box. To install them, please refer to our documentation on +[installing plugins|http://confluence.atlassian.com/x/loBQ]+.\n\n{note}',32855),(163862,'{section}\n{column:width=1px}\n{panel}\n{gallery:columns=2}\n{panel}\n{column}\n{column}\nThe +[Gliffy plugin|https://plugins.atlassian.com/plugin/details/254]+ allows you to easily create professional-quality flowcharts and diagrams, right in your Confluence pages.\n\nAt Atlassian, our Human Resources department used this tool to map out our recruitment process. This diagram is embedded in a Confluence page in the team\'s space where employees involved in the recruitment process can quickly understand what the next step is. For example, what step comes after the initial interview, and who is responsible for that step.\n\nh5. How to add a Diagram to a Confluence page\n# *Hover your cursor* over the _Add_ menu on any Confluence page\n# *Select _Gliffy Diagram_*\n# *Enter a name* for your diagram\n# *Use the Gliffy Web-based editor* to complete your diagram\n# Once you\'ve completed your diagram, *select _Save and Close_ from the _File_ menu in the top-left of the Gliffy editor*\n\nh5. Watch the video\n{widget:url=http://www.youtube.com/watch?v=j-RXVsvH_m8}\n{column}\n{section} ',32854),(163863,'[!_Images^btn_previous.png!|Atlassian Logos][!_Images^btn_next.png|align=right!|Examples] \n{tip:icon=none}The Design Team uses Confluence to to make company standard templates available to employees. Rather than storing these files on a network shared drive, they have instead attached them to a Confluence page so that they are accessible to everyone who has the permission to view the page. Gone are the days of trying to find files on a shared drive. Confluence makes your files easily accessible, secure and searchable. Why not try:\n* *Searching for* _Happy Users_ using the search box in the top right of the screen. As Confluence has indexed the full content of the PowerPoint Presentation you will see the file in your search results which you can quickly preview by clicking *{_}View{_}*. ([_View Video Tutorial_|http://tr.im/zs6z])\n* *Attach* your own PowerPoint, Word, Excel or PDF document and *embed* it in the page using the View File Macro. ([_View Video Tutorial_|http://tr.im/zs6s])\n{tip}\n{section}\n{column:width=5%}\n{column}\n{column:width=45%}\n\nh3. Background Images\n\n\\\\\n\nh6. Content Slide\n{gallery:include=AT PPT ContentPage.png}\n[_Download_|^AT PPT ContentPage.png]\\\\\n\\\\\n\\\\\n\nh6. Title Slide\n{gallery:include=AT PPT TitlePage.png}\n[_Download_|^AT PPT TitlePage.png]\n\n{column}\n{column:width=1%}\n{column}\n{column:width=45%}\n\nh3. PowerPoint Example\n{viewppt:name=Managing_HR_Projects.pptx}\n{column}\n{column:width=5%}\n{column}\n{section}\n[!_Images^btn_previous.png!|Atlassian Logos]\\\\\n\\\\\n{warning:title=Warning: Sample Content}This is sample content that comes included with Confluence for the purposes of demonstrating how the product can be used.\n{warning}',32801),(163864,'[!_Images^btn_previous.png!|Example Human Resources Page] [!_Images^btn_next.png|align=right!|HR Policies and Procedures] \n\\\\\n\\\\\n{tip:icon=false}The Human Resources team uses [tasklists|Creating a task list] to assign and prioritise simple tasks for new employees.\n* *Add a new task to this list*\n* *Change the priority of one of the existing tasks.*{tip}\n\\\\\nWelcome, we\'re glad to have you here :-) . To help you get started, we\'ve created this simple task list of things you should accomplish in your first week. Feel free to contact anyone in HR or your buddy with any question you might have.\n\\\\\n\\\\\n{tasklist:New Employee Task List}\n||Completed||Priority||Locked||CreatedDate||CompletedDate||Assignee||Name||\n|F|H|F|          |          |barconati|Add your birthday to the birthday calendar|\n|F|H|F|          |          | |Browse the Human Resources Space and read through policies|\n|F|H|F|          |          | |Create a personal space in Confluence|\n|F|M|F|          |          | |Read the guidelines for internal blogging|\n|F|H|F|          |          | |Write an introductory blog post|\n|F|M|F|          |          | |Subscribe to the personal blog RSS feed|\n|F|M|F|1224009699780|          |barconati|Read about our products: [JIRA\\|http://www.atlassian.com/jira] [Confluence\\|http://www.atlassian.com/confluence] [Crowd\\|http://www.atlassian.com/crowd] [Bamboo\\|http://www.atlassian.com/bamboo] [FishEye\\|http://www.atlassian.com/software/fisheye] [Crucible\\|http://www.atlassian.com/software/crucible] [Clover\\|http://www.atlassian.com/software/clover]|\n|F|L|F|1224009793414|          |barconati|Sign up for the next [Confluence Webinar\\|http://www.atlassian.com/software/confluence/webinar.jsp]|\n|F|L|F|1224009770051|          |barconati|Sign up for the next [JIRA Webinar\\|http://www.atlassian.com/software/jira/webinar.jsp]|\n{tasklist}\n[!_Images^btn_previous.png!|Example Human Resources Page] [!_Images^btn_next.png|align=right!|HR Policies and Procedures]\n\\\\\n\\\\\n{warning:title=Warning: Sample Content}This is sample content that comes included with Confluence for the purposes of demonstrating how the product can be used.{warning}',32836),(163865,'[!_Images^btn_previous.png!|Recruitment] [!_Images^btn_next.png|align=right!|Company Birthday List]\n\\\\\n\\\\\n{tip:icon=none}Use the rich text editor to author and format documents like this overview of the Buddy System. Once the document is complete and ready to publish, simply export the document to PDF for presentation as an \'official\' document.\n* *Export this page to PDF* from the _Tools_ menu and save it to your hard drive.{tip}\n\nMost new employees begin their first day of work full of excitement and enthusiasm. Depending on first impressions, this initial enthusiasm for the organisation can be either extended and nurtured or destroyed. Everything that happens in the first few days will affect the new hire\'s perception of the organisation and the colleagues he or she will be working with.\n\nh3. Why the Buddy System\n\nA buddy system builds a personal connection between the organisation and the new employee from the first day. The new employee is made to feel part of the organisation, gains more confidence and, as a result, becomes productive more quickly. We encourage new employees to have a buddy who is outside of their own department to ensure that new employees have an understanding of what other employees do and get to know other colleagues outside of their own work group. Here\'s what some employees have to say about the buddy system:\n{quote}I\'m usually shy about meeting new people. The buddy system got me talking to people I otherwise probably wouldn\'t meet.{quote}\n{quote}After working here three years, I still go to lunch with my buddy at least once a month\\!{quote}\n{quote}My buddy made my first days at the company a lot less confusing and a lot more enjoyable.{quote}\n\nh3. Who is a Buddy?\n\nAt a minimum, the buddy should:\n# Take new employees to lunch in their first few days of employment\n# Provide an opportunity for new employees to ask questions without feeling intimidated\n# Ensure open lines of communication with new employees while respecting confidentiality\n# Offer encouragement\n# Check with the new employee every so often to answer questions and offer support (particularly in the first month of the new employee starting)\n\nh3. A Buddy is Not...\n\nThe buddy system does not replace the supervisor\'s responsibilities regarding department orientation or on-the-job training. It is not the responsibility of the buddy to train the new employee. The buddy should direct the new employee to the supervisor if the questions become more complex or involve the work itself. Also, the buddy is not responsible for the new employee\'s performance. The buddy is only there to help the new employee become socialised to the organisation.\n\nh3. So how does it work?\n\nI have set up a wiki page for this buddy system, it will have the names of all current new employees and buddies. Prior to an employee commencing, I\'ll work with the hiring manager to choose a buddy and let you know if you are the buddy for our next new hire. So if your name is there, then you are the nominated one\\!\n[!_Images^btn_previous.png!|Recruitment] [!_Images^btn_next.png|align=right!|Company Birthday List]\n\\\\\n\\\\\n{warning:title=Warning: Sample Content}This is sample content that comes included with Confluence for the purposes of demonstrating how the product can be used.{warning}',32837),(163866,'[!_Images^btn_previous.png!|HR Policies and Procedures]  [!_Images^btn_next.png|align=right!|Buddy System]\n\\\\\n\\\\\n{tip:icon=false}Images and charts can sometimes communicate complex concepts better than text. For example, your HR team might use images to explain the company recruiting processes.\n* *Add a* *[comment|Adding a comment to a page]* *to this page* to let people what you think of the recruiting process.{tip}\n\\\\\nThis page is designed for all employees involved in recruiting, selecting or inducting new high quality people. It integrates best practice elements from several sources to help us continue to grow, globally\\!\n\n{section}\n{column:width=40%}\n\\\\\n\nh3. The Recruiting Process\n\n# Request New Staff\n# Approval\n# HR commences job advertisement\n# Pre-sreening candidates\n# Initial application review by talent\n# Assign screened candidates to interviewers\n{column}\n{column:width=60%}\n!recruiting_process.jpg|height=300px!\n{column}\n{section}\n{section}\n{column:width=40%}\n\\\\\n\nh3. The Selection Process\n\n# Application review by hiring team\n# Phone interview\n# Work history check\n# F2F Interview(s): technical skills and competencies\n# Reference checks\n# Offer\n{column}\n{column:width=60%}\n!selection_process.jpg|height=250px!\n{column}\n{section}\n[!_Images^btn_previous.png!|HR Policies and Procedures]  [!_Images^btn_next.png|align=right!|Buddy System]\n\\\\\n\\\\\n{warning:title=Sample Content}This is sample content that comes included with Confluence for the purposes of demonstrating how the product can be used.{warning}',32832),(163867,'[!_Images^btn_previous.png!|Atlassian Colours] [!_Images^btn_next.png|align=right!|Atlassian Logos]\n{tip:icon=false}Confluence is a great tool for sharing images with your staff, customers or anyone on the internet. Below is a gallery of all the Atlassian Shirts that the Design Team have created. You could use Confluence to share pictures from a company event, mockups of interfaces for new features or even screenshots of your product for use in documentation. Why not try:\n* *Clicking* on one of the shirts below to view the full-size image.\n* *Attaching* other images to this page to preview them in the gallery below. Just go to the _*Add*_ menu in the top-right of the page and select _*Attachments*_. Upload your your image and click on _*View*_ in the top right of the screen to return to the page.{tip}\n{gallery}\n[!_Images^btn_previous.png!|Atlassian Colours] [!_Images^btn_next.png|align=right!|Atlassian Logos]\n\\\\\n\\\\\n{warning:title=Warning: Sample Content}This is sample content that comes included with Confluence for the purposes of demonstrating how the product can be used.\n{warning} ',32799),(163868,'[!_Images^btn_previous.png!|Company Induction] [!_Images^btn_next.png|align=right!|Recruitment]\n\\\\\n\\\\\n{tip:icon=none}Human resources uses attachments to share important tax forms and templates with employees.\n* *Click the* *{_}view{_}* *link* on one of the attachments below to view its contents.\n* *Upload a new attachment to the page.* From the _Tools_ dropdown select _Attachments_ and then upload your file to the attachments page.{tip}\n\\\\\n\\\\\n{attachments:upload=true}\n[!_Images^btn_previous.png!|Company Induction] [!_Images^btn_next.png|align=right!|Recruitment]\n\\\\\n\\\\\n{warning:title=Warning: Sample Content}This is sample content that comes included with Confluence for the purposes of demonstrating how the product can be used.{warning}',32834),(163869,'[!_Images^btn_previous.png!|Atlassian Cotton] [!_Images^btn_next.png|align=right!|PowerPoint Templates] \n{tip:icon=none}Rather than being hassled by employees looking for Atlassian\'s product logos, the Design Team have made them available by attaching them to a Confluence page. Users are able to preview the logos in their-full size in an elegant slideshow and download the latest version of the logo for use in their own presentations and documents. Why not try:\n* *Attaching* your own image to this page so that it shows up in the gallery and list of images below. Go to *{_}Tools{_}* in the top-right of the screen and select *{_}Attachments{_}*. Upload your own image and click on *{_}View{_}* in the top-right of the *{_}Attachments{_}* screen to return to the page.\n{tip}\n{section}\n{column}\nh3. Preview Logos\n{gallery:columns=4}\n{column}\n{column:width=1%}\n{column}\n{column}\nh3. Download Logos\n{attachments}\n{column}\n{section}\n[!_Images^btn_previous.png!|Atlassian Cotton] [!_Images^btn_next.png|align=right!|PowerPoint Templates] \n\\\\\n\\\\\n{warning:title=Warning: Sample Content}This is sample content that comes included with Confluence for the purposes of demonstrating how the product can be used.\n{warning} \n',32800),(163870,'[!_Images^btn_previous.png!|Examples]  [!_Images^btn_next.png|align=right!|Meeting Notes]\n\\\\\n\\\\\n{tip:icon=false}Teams can use Confluence to collaborate internally and share information with the rest of the organization. Here\'s an example of how a sales team uses Confluence.\n* *Click into each one of the Quick Links below* to see how a sales team might use Confluence. (make sure to look at _Sales Reports_)\n* *Click on the link to Josh\'s name below* to see how a user can personalize his/her own page.{tip}\n{section}\n{column:width=30%}\n\nh3. What We\'re About\n\nThe Sales team is the first point of contact for prospective customers and act as the key sales resource for new customers. Our goal is to help customers make the decision to purchase our products through non-aggressive, 100% honest and customer service oriented selling.\n\\\\\n\\\\\n\nh3. Meet the Team\n\n| [!JoshWold_StaffPic.jpg|width=84px, height=105px!|Josh]\\\\  [*Josh*|Josh] \\\\  _Team Lead_ | !kev.jpg|width=84px, height=105px! \\\\  *Kevin* \\\\  _Confluence_ \\\\  _Bamboo_ \\\\  _Clover_ || !boots.jpg|width=84px, height=105px!\\\\  *Boots* \\\\  _Confluence_ \\\\  _JIRA_ | !gc.jpg|width=84px, height=105px!\\\\  *Giancarlo* \\\\\nTeam Lead SF \\\\\n_JIRA_ \\\\  _FishEye_ \\\\  _Crucible_ \\\\  \\\\ |\n{column}\n{column:width=10%}\n{column}\n{column:width=45%}\n\nh3. Quick Links\n* [Meeting Notes]\n* [Sales Reports]\n* [Team Blog]\n* [Sales Tools]\n\nh3. Sales Reports\n[!Goal.png|width=400px!|Sales Reports]\n\\\\\n\\\\\n[{excerpt-include:Sales Reports|nopanel=true}|Sales Reports]\n\\\\\n\\\\\n{column}\n{section}\n[!_Images^btn_previous.png!|Examples]  [!_Images^btn_next.png|align=right!|Meeting Notes]\n\\\\\n\\\\\n{warning:title=Warning: Sample Content}This is sample content that comes included with Confluence for the purposes of demonstrating how the product can be used.{warning}\n',32844),(163871,'[!_Images^btn_previous.png!|Meeting Notes]\n\\\\\n{tip:icon=none}This page was created using the Meeting Notes page template{tip}\n\nh3. Meeting Notes for Week 29\n\nh3. Attendees\n* Josh\n* Boots\n* Kevin\n* Matt\n\nh3. Completed last week\n* Sales Collateral updates\n* 30 customer questions answered\n* Webinar revamp\n\nh3. Working on this week\n* Continue improvements to Webinar\n* 30 customer questions answered\n\nh3. Sales update\n* Closed 6 deals\n* Lot of questions on upcoming release\n\nh3. Miscellaneous\n* none\n\\\\\n\n[!_Images^btn_previous.png!|Meeting Notes]\n\\\\\n{warning:title=Warning: Sample Content}This is sample content that comes included with Confluence for the purposes of demonstrating how the product can be used.{warning}',32851),(163872,'[!_Images^btn_previous.png!|Meeting Notes]\n\\\\\n{tip:icon=none}This page was created using the Meeting Notes page template{tip}\n\nh3. Attendees\n* Matt\n* Josh\n* Kevin\n* Boots\n\nh3. Completed last week\n* Sales Collateral updates\n* only 25 customer questions answered because of offsite\n* Webinar revamp\n\nh3. Working on this week\n* Sales Collateral updates\n* 30 customer questions answered\n* Webinar revamp\n\nh3. Sales update\n* Closed 5 deals\n* Expecting 2 more to close\n\nh3. Miscellaneous\n* none\n\\\\\n\n[!_Images^btn_previous.png!|Meeting Notes]\n\\\\\n{warning:title=Warning: Sample Content}This is sample content that comes included with Confluence for the purposes of demonstrating how the product can be used.{warning}',32852),(163873,'[!_Images^btn_previous.png!|Meeting Notes]\n{tip:icon=none}This page was created using the Meeting Notes page template{tip}\n\nh3. Attendees\n* Josh\n* Boots\n* Kevin\n* Matt\n\nh3. Completed last week\n* Sales Collateral updates\n* 30 customer questions answered\n* Webinar revamp\n\nh3. Working on this week\n* Continue improvements to Webinar\n* 30 customer questions answered\n* Final planning for team offsite\n\nh3. Sales update\n* Closed 6 deals\n* Lot of questions on upcoming release\n\nh3. Miscellaneous\n* Team Offsite next week :)\n\\\\\n\n[!_Images^btn_previous.png!|Meeting Notes]\n\\\\\n{warning:title=Warning: Sample Content}This is sample content that comes included with Confluence for the purposes of demonstrating how the product can be used.{warning}',32848),(163874,'[!_Images^btn_previous.png!|Example Sales Team Page]  [!_Images^btn_next.png|align=right!|Sales Reports] \n\\\\\n\\\\\n{tip:icon=none}\nThe sales team uses Confluence to take notes during their weekly team meeting.\n* *Create a new meeting notes [page|Creating a page] using the meeting notes page template.* Go to the add menu and select \"Page.\" Then click on the \"Select a page template to start from.\" Choose the \"Meeting Notes\" template.\n* *Search for \'_notes_\' in the search box below* to search inside of past meeting notes.{tip}\n\\\\\n\\\\\n{section}\n{column:width=10%}\n{column}\n{column:width=40%}\n{pagetreesearch:rootPage=Meeting Notes}\n{column}\n{column:width=50%}\n{pagetree:root=Meeting Notes}\n{column}\n{section}\n[!_Images^btn_previous.png!|Example Sales Team Page]  [!_Images^btn_next.png|align=right!|Sales Reports] \n\\\\\n\\\\\n{warning:title=Warning: Sample Content}This is sample content that comes included with Confluence for the purposes of demonstrating how the product can be used.{warning}',32850),(163875,'[!_Images^btn_previous.png!|Example Design Team Page] [!_Images^btn_next.png|align=right!|Atlassian Cotton]\n{tip:icon=false}If you have a company standard colour scheme that should be used in all of your public-facing resources, record them on the wiki so that others can find them for themselves and you can focus on completing your own work. Why not try:\n* *Adding* a row to one of the tables below. Click *{_}Edit{_}* in the top-right of this page. In the Rich Text Editor, right-click in the last cell of one of the tables and select *{_}Row > Insert Row After{_}*.\n(i) Make sure the \'Context Menu\' icon in the toolbar !confluence-3-0-rte-context-menu-button-on.png|border=1,bordercolor=gray! is active (with a tick).\n* *Create* a new table when editing the page by clicking on the *{_}Insert Table{_}* icon in the Rich Text Editor\'s toolbar.\n{tip}\n{section}\n{column}\n\nh1. Colour Values\n\n|| Colour \\\\ || Name \\\\ || RGB \\\\ || HEX \\\\ || CMYK \\\\ ||\n| !colour_atlassianblue.png!\\\\ | Atlassian Blue \\\\ | 0-51-102 \\\\ | \\#003366 \\\\ | 100-67-0-23 \\\\ |\n| !colour_mediumblue.png!\\\\ | Atlassian Medium Blue \\\\ | 51-102-153 \\\\ | \\#336699 \\\\ | 89-43-0-0 \\\\ |\n| !colour_lightblue.png!\\\\ | Atlassian Light Blue \\\\ | 102-153-204 \\\\ | \\#6699CC \\\\ | 55-19-0-0 \\\\ |\n| !colour_black.png!\\\\ | Atlassian Black \\\\ | 0-0-0 \\\\ | \\#000000 \\\\ | 50-33-0-100 \\\\ |\n| !colour_darkgrey.png!\\\\ | Dark Grey \\\\ | 102-102-102 \\\\ | \\#666666 \\\\ | 0-0-0-75 |\n| !colour_grey.png! \\\\ | Medium Grey \\\\ | 153-153-153 \\\\ | \\#999999 \\\\ | 0-0-0-50 |\n| !colour_lightgrey.png!\\\\ | Light Grey \\\\ | 204-204-204 \\\\ | \\#CCCCCC \\\\ | 0-0-0-25 |\n| !colour_white.png!\\\\ | White \\\\ | 255-255-255 \\\\ | \\#FFFFFF \\\\ | 0-0-0-0 |\n{column}\n{column:width=1%}\n{column}\n{column}\n\nh1. Product Colour Values\n\n|| Colour \\\\ || Name \\\\ || RGB \\\\ || HEX \\\\ || CMYK \\\\ ||\n| !colour_crucible.png!\\\\ | Crucible \\\\ | 241-107-68 \\\\ | \\#F16B44 \\\\ | 0-72-78-05 \\\\ |\n| !colour_jira.png!\\\\ | JIRA | 248-157-50 \\\\ | \\#F89D32 \\\\ | 0-45-90-0 \\\\ |\n| !colour_bamboo.png!\\\\ | Bamboo | 255-200-71 \\\\ | \\#FFC847 \\\\ | 0-22-82-0 \\\\ |\n| !colour_confluence.png!\\\\ | Confluence \\\\ | 131-196-93 \\\\ | \\#83C45D \\\\ | 0-52-84-0 \\\\ |\n| !colour_clover.png!\\\\ | Clover \\\\ | 0-181-155 \\\\ | \\#00B59B \\\\ | 76-0-50-0 |\n| !colour_fisheye.png!\\\\ | FishEye \\\\ | 78-150-209 | \\#4E96D1 \\\\ | 67-30-0-0 \\\\ |\n| !colour_crowd.png! \\\\ | Crowd \\\\ | 112-80-141 \\\\ | \\#906DAF \\\\ | 48-64-0-0 |\n| !colour_studio.png!\\\\ | Studio \\\\ | 204-221-230 \\\\ | \\#CCDDE6 \\\\ | 18-6-5-0 |\n{column}\n{section}\n[!_Images^btn_previous.png!|Example Design Team Page] [!_Images^btn_next.png|align=right!|Atlassian Cotton]\\\\\n\\\\\n{warning:title=Warning: Sample Content}This is sample content that comes included with Confluence for the purposes of demonstrating how the product can be used.\n{warning}',32794),(163876,'[!_Images^btn_previous.png!|Sales Reports] [!_Images^btn_next.png|align=right!|Sales Tools]\n\\\\\n\\\\ \n{tip:icon=none}Blogs are a handy way teams to provide updates, share ideas and engage in conversations around those ideas.\n* *Comment on one of the blog posts below.* First click the blog post title, to open it in its own page. See [Adding a comment to a page|Adding a comment to a page].\n* *Create a new* *[blog post|Creating a blog post]* *and label it \"sales\" to see it show up in this page.* Go to the \"Add\" menu and select \"News.\" Fill out the blog post form and type \"sales\" in the labels field. Submit the post and navigate back to this page.{tip}\n{panel:borderWidth=3}\n\\\\\n{blog-posts:5|labels=sales|content=excerpts}\n{panel}\n[!_Images^btn_previous.png!|Sales Reports] [!_Images^btn_next.png|align=right!|Sales Tools]\n\\\\\n\\\\\n{warning:title=Warning: Sample Content}This is sample content that comes included with Confluence for the purposes of demonstrating how the product can be used.{warning}',32842),(163877,'We\'re halfway into [Movember|http://blogs.atlassian.com/confluence/2009/11/atlassian-is-helping-change-the-face-of-mens-health.html] and the Mo Bro\'s are making some serious progress. Although [Sloat|http://twitter.com/jsloat] has resorted to taking headshots in black and white to increase contrast...and Revo is starting to look more and more like Ron Jeremy everyday.\n\nh3. The Donation Situation\n\n{panel:borderWidth=3}_\"Movember is helping to support three vaccine research programs and move 12 new medicines from the laboratory to clinical trials. These may alleviate pain and suffering for the nearly 2.5 million men and their families who are currently facing prostate cancer in the U.S. How else can we say thank you from the bottom of their hearts and ours?\" said Dr. Jonathan Simons, Prostate Cancer Foundation President and CEO, \"Without Movember, the progress of those projects would have been hindered.\"\nKudos to the Sydney boys who picked up their game and have now overtaken the San Franciscans in their fundraising efforts._{panel}\n\nh3. Mo of the Week\n\nThe results are in and thanks to the [Survey Plugin|https://plugins.atlassian.com/plugin/details/195] it\'s clear to see that Todd was the clear favourite for the *Mo of the Week*.\n\n!MoOfTheWeek.png!\n\nh3. What about the other Mo Bro\'s?\n\n{widget:url=http://www.flickr.com/photos/mattnhodges/sets/72157622825313712/}',32839),(163878,'[!_Images^btn_previous.png!|Examples] [!_Images^btn_next.png|align=right!|Atlassian Colours]\\\\\n\\\\\n{tip:icon=false}Click on the *{_}Next{_}* and *{_}Previous{_}* buttons on the right and left of each page to navigate throughout this example.{tip}\n{section}\n{column}\n!Design_Home.png|width=603,height=403!\n{column}\n{column:width=1%}\n{column}\n{column}\n\nh1. Welcome\n\nThe Design Team space is a repository for visual aspects of the Atlassian brand. Catalogued within this space are all the tools and guidelines required to create new graphic designs for Atlassian.\n\n{pagetree:root=Example Design Team Page}\n{column}\n{section}\n[!_Images^btn_previous.png!|Examples] [!_Images^btn_next.png|align=right!|Atlassian Colours]\\\\\n\\\\\n{warning:title=Warning: Sample Content}This is sample content that comes included with Confluence for the purposes of demonstrating how the product can be used.\n{warning}',32791),(163879,'{section}\n{column:width=500px}\n{panel:borderWidth=3|bgColor=white}{widget:url=http://atlassian.wufoo.com/forms/leave-request/|height=610|width=450}{panel}\n{column}\n{column}\n{column}\n{section}[!_Images^btn_previous.png!|Example Human Resources Page]',32793),(163880,'{tip:icon=false}These are real world examples of how Confluence can be used in your organisation. As you go through these examples, look at the underlying markup to see how the pages were created. (See the markup by selecting _View Wiki Markup_ from the _Tools_ menu.) Feel free to edit the pages. If you break anything you can always revert back to a previous version of the page. *Click one of the buttons below to continue.* {tip}\n{section}\n{column:width=36%}\n{column}\n{column:width=33%}\n\\\\\n[!_Images^btn_sales.png!|Example Sales Team Page]\\\\\n\\\\\n[!_Images^btn_software_development.png!|Example Development Team Page]\\\\\n\\\\\n[!_Images^btn_human_resources.png!|Example Human Resources Page]\\\\\n\\\\\n[!_Images^btn_design.png!|Example Design Team Page]\\\\\n{column}\n{column:width=30%}\n{column}\n{section}\n\\\\\n\\\\\n\\\\\n\\\\',32830),(163881,'Today (Monday, April 14), *Ted Tencza* will be starting as Hosted Team-Lead in Sydney, and *Andy Goldman*, will be joining the SF Support Team as Sr. Support Engineer.\n\nOn Wednesday, *Jodette Cleary* will be starting as HR Director, and will be in two days a week for the next 3-6 months.\n\nStay tuned for their first blogs!',32831),(163882,'!header_new.jpg!\nTalent have some great Friday afternoon news to share with you\\! Atlassian has been announced as *finalists in 3 HR awards*:\n* HR Leader\'s [Employer of Choice|http://www.hrawards.com.au/categories.asp?id=70] (fewer than 1000 employees) award\n* HR Leader\'s [Best Employer Branding Strategy|http://www.hrawards.com.au/categories.asp?id=80] award\n* The Australian Human Resources Institute\'s (AHRI) [Corporate Social Responsibility|http://www.awards.ahri.com.au/categories/initiatives.htm] award\n\nYou can find out more about the awards by clicking through to the links above. Winners for the HR Leader awards will be announced on the 22nd of October, and winners for AHRI\'s award on the 11th of November.',32828),(163883,'[!_Images^btn_previous.png!|Buddy List] [!_Images^btn_next.png|align=right!|Have Fun]\n\\\\\n\\\\\n{tip:icon=false}\nThe table below is actually an Excel Spreadsheet that has been embedded in the page using the [Office Connector|http://confluence.atlassian.com/display/DOC/Displaying+an+Office+Document+in+Confluence]. You can also embed PDFs, PowerPoint presentations and Word documents.\n* *Hover* your mouse cursor above the top row of the table and click to [edit the spreadsheet|http://confluence.atlassian.com/display/DOC/Editing+an+Office+Document+from+Confluence].{tip}\n{viewxls:name=Company Birthdays.xlsx|grid=false}\n[!_Images^btn_previous.png!|Buddy List] [!_Images^btn_next.png|align=right!|Have Fun]\n\\\\\n\\\\\n{warning:title=Warning: Sample Content}This is sample content that comes included with Confluence for the purposes of demonstrating how the product can be used.{warning}',32829),(163884,'[!_Images^btn_previous.png!|Examples] [!_Images^btn_next.png|align=right!|Company Induction]\\\\\n\\\\\n{tip:icon=false}Your Human Resources team can use Confluence for presenting important HR-related documents and processes.\n* *Click through the slideshow below* to see how the HR team presents the company mission.\n* *Click into each of the links below* to see more.\n* *Watch these* [two short videos|How the Talent Team at Atlassian use Confluence] to see how the Talent Team at Atlassian use Confluence.{tip}\n{section}\n{column:width=40%}\n\nh3. Human Resources Space\n{viewfile:Atlassian_Summary.pdf|width=400}\n{column}\n{column:width=30%}\n\nh3. Quick Links\n\n| [!_Images^handshake_icon.gif|height=40px!|Company Induction]\\\\ | h4. [Company Induction|Company Induction] \\\\\nNew Employee Checklist |\n| [!_Images^Procedures-icon.gif|height=30px!|HR Policies and Procedures]\\\\ | h4. [Policies & Procedures|HR Policies and Procedures] \\\\\nPaid Time Off, Tax Forms, Travel |\n| [!_Images^Job-icon.png|height=40px!|Recruitment]\\\\ | h4. [Recruitment Process|Recruitment] \\\\\nListing of current open positions, job descriptions, etc. |\n| [!_Images^buddy.gif|height=40px!|Buddy System]\\\\ | h4. [Buddy System|Buddy System] \\\\\nFind your buddy here\\! |\n| [!_Images^birthday.png|height=40px!|Company Birthday List]\\\\ | h4. [Birthday List|Company Birthday List] \\\\\nStaff birthday list |\n| [!_Images^fun.png|height=40px!|Have Fun]\\\\ | h4. [Have Fun|Have Fun] \\\\\nBecause you can\'t ALWAYS work |\n| [!_Images^media_play.png|height=40px!|How the Talent Team at Atlassian use Confluence]\\\\ | h4. [Watch|How the Talent Team at Atlassian use Confluence] \\\\\nSee how the HR Team use Confluence. \\\\ |\n{column}\n{column:width=30%}\n\nh3. Announcements\n{recently-updated:labels=hr|theme=social}\n\n\n{column}\n{section}\n[!_Images^btn_previous.png!|Examples] [!_Images^btn_next.png|align=right!|Company Induction]\\\\\n\\\\\n{warning:title=Warning: Sample Content}This is sample content that comes included with Confluence for the purposes of demonstrating how the product can be used.{warning}',32827),(163885,'Last week Nick and I represented Atlassian at [Agile Australia 2009|http://agileaustralia.com|website link].\nWe had a decent booth in a great location right in-front of the conference doors and also next to the food station.\n\nOn the other side of our booth we had [thoughtworks|http://www.slatteryit.com.au/agile2009/sponsors.html|sponsors] who were the major sponsor of the event. They must have had about 20 of their staff members there attending and speaking at the conference, while their booth was predominately occupied by two HR ladies actively recruiting new staff.\n\nAttending the conference were a mix of people new to agile and others already using various agile methods. I came across two types of people:\n\n1. Those using JIRA and wanting a GreenHopper demonstration.\n2. Microsoft people who never use our products.\n\nNeedless to say I promoted the merits of JIRA+GH to both agile parties with a demo using actual GreenHopper data from JAC. Most customers were amazed at how easy GreenHopper was for agile methods and also how it can do \'KanBan things\'. Every now and then people would ask about our other products but as this was an agile conference most of the attention was on JIRA+GH. This also could have been because quite a number of the presenters spoke about using JIRA+GH in their agile tool set - great way to get free plugs\\!\\!\\!\n\n\nThe number of attendees being thrown around at this event were about 300.\nNext year they plan to have it at the Hilton hotel and have more speakers/streams and more attendees.\n\nIt was a good first conference and I think we should attend again next year.\nMany thanks to Nick and Robyn for all their help.\n',32778),(163886,'[!_Images^btn_previous.png!|Example Development Team Page] [!_Images^btn_next.png|align=right!|Confluence 3.3 Release Dashboard]\n{section}\n\n{column:width=30%}\n\nh3. Confluence 3.1 (Q4 2009)\n----\nh6. Headline Themes and Features\n\n* *Integration with Gadgets*\n** Cross Product Integration: Display confluence content inside JIRA dashboard\n** Cross Product Integration: Display JIRA lists and gadgets inside of Confluence\n** Federation: Display confluence inside another Confluence site as a gadget\n\n* *Manage Office Documents*\n** Office 2007 Support ([Office Connector|http://developer.atlassian.com/jira/browse/WORDDV-101],\n[Indexing|http://jira.atlassian.com/browse/CONF-12006])\n** Attachment and Image Drag and Drop:\n** Various UI improvements\n\n* *Improved Editing Experience*\n** [Insert Menu |Insert Menu Spec]\n** [Image Browser|Image Browser Spec]\n** IE8 Support, Safari 4 Support\n\nh6. *Engine Room*\n\n* High Availability _progress_\n\nh3. Confluence 3.0 (Q2 2009)\n----\nh6. Headline Themes and Features\n\n* *Ecosystem*\n** [Macro Browser Spec]\n* *Community*\n** [Hover Profile|Community - Hover Profile]\n** [Profile|Community - Profile]\n\nh6. *Other Improvements*\n\n* Recurring Features\n** Widget Connector Improvements\n** [Better PDF export|http://jira.atlassian.com/browse/CONF-2079]\n{column}\n{column:width=2%}\n{column}\n{column:width=22%}\n\nh3. References\n----\n{info:icon=false}*[Past Releases|http://confluence.atlassian.com/display/DOC/Release+Notes]*\n[Confluence 3.0|http://confluence.atlassian.com/display/DOC/Confluence+3.0+Release+Notes]\n[Confluence 2.9|http://confluence.atlassian.com/display/DOC/Confluence+2.9+Release+Notes]\n[Confluence 2.8|http://confluence.atlassian.com/display/DOC/Confluence+2.8+Release+Notes]\n[Confluence 2.7|http://confluence.atlassian.com/display/DOC/Confluence+2.7+Release+Notes]\n\n{info}\n{column}\n{section}\n[!_Images^btn_previous.png!|Example Development Team Page] [!_Images^btn_next.png|align=right!|Confluence 3.3 Release Dashboard]\n\\\\\n\\\\\n{warning:title=Warning: Sample Content}This is sample content that comes included with Confluence for the purposes of demonstrating how the product can be used.{warning} ',32769),(163887,'[!_Images^btn_previous.png!|Confluence Roadmap]\n{section}\n{column}\n\nh3. Goal\n\nPresent a visual listing of the macros that are available to the user showing the name, icon, screenshot, live view, and editable parameters and allow for simple insertion into the wiki page.\n{column}\n{column:width=1%}\n{column}\n{column}\n\nh3. Mockups\n\n!0.04c.3.jpg|thumbnail! !0.04b.2.jpg|thumbnail! !0.04a.1.jpg|thumbnail!\n\n{column}\n{section}\n\nh3. Use Cases\n\n# Selects from a categorised list of macro and inserts the macro into a wiki page or comment\n# Sees a textual description and small screenshot or icon of the macro she selects\n# Fills in the parameters through fields (minimum: single line text field, multi-line text field, number field, select list, colour; max: date, slider) for the macro. Show defaults filled in or selected. If macro parameter type not defined, show text area\n# Sees a live preview of certain macros that changes when a user clicks button. Shown in a frame to handle very large macros (e.g. Jira Issues)\n# Sees an icon for the macro she selects. Favicon in list. Larger icon in description\n# Sees number of macro in Category title\n# On inserting can see a placeholder on the edit page. Even for body macros (e.g. note)\n# Selects the placeholder and can edit parameters\n# Move placeholders around the text area\n# Inserts user macros\n# Search the list for macro titles and description\n# Can favourite macros, and see them in their own category. Open by default.\n# Sees the most popular (most viewed) macros for their wiki\n\\\\\n\n[!_Images^btn_previous.png!|Confluence Roadmap]',32771),(163888,'h5. Not quite a beta yet\\!\n\nWhile this release is almost feature complete there are still one major technical improvement (superbatching) and one feature (the dashboard-widget) outstanding, so we can\'t call it beta just yet. Apart from that though, M7 is feature complete. Anything that you don\'t see here, you won\'t see in the final product. We will keep fixing bugs (yes, there are still quite a few unfortunately), but if something else in the functionality really annoys you, please raise it with us now\\! You can add a comment, or you can send us a mail, or of course raise JIRA issues.\n{toc:maxLevel=3}\n\nh2. Gadgets & Office Team\n\nh5. Indexing and Searching of Office 2007 files\n\nThe contents of Confluence attachments created by PowerPoint 2007, Excel 2007, and Word 2007 are now fully searchable inside Confluence. This includes files with pptx, xlsx, and docx extensions as well as other extensions like potx (PowerPoint template) and dotx (Word template).\n\n!search2007.png|thumbnail!\n\nh5. PowerPoint 2007 previews\n\nYou can now preview PowerPoint 2007 files directly in Confluence. We\'re proud to say that this completes the goal of supporting the new 2007 file formats for the three main Microsoft Office products (Word, Excel, and PowerPoint) in Confluence 3.1. This is in addition to already supporting the legacy binary format.\n\n!pptx.png|thumbnail!\n\nh5. Keyboard navigation of full-screen PowerPoint and PDF slideshows\n\nIf you are using Flash player 10 or higher, you will no longer see any controls when previewing Powerpoint or PDF files in full screen mode. Instead, you must use the spacebar or the arrow keys to move between the slides. Press escape to exit full screen mode.\n\n!fullscreenwow.png|thumbnail!\n\nh5. Launch Microsoft Office from the Attachments screen.\n\nPreviously, you had to preview a file to get the option to edit it. We\'ve added a new \'Edit\' option to each attachment that will launch the appropriate desktop editor for that attachment. The old \'Edit\' option has been renamed to \'Properties\'.\n\n!actuallyedit.png|thumbnail!\n\nh5. Editing user preferences of OpenSocial gadgets in the Macro Browser\n\nAs promised in the last release notes we moved the editing of non-hidden user preferences to the usual location for macro parameters on the right hand side:\n\n!gadget preferences.png|thumbnail!\n\n(i) Please be aware that the properties of Atlassian gadgets and gadgets with hidden user preferences still show up on the gadget itself.\n\nh5. Activity Stream Gadget\n\nWe\'ve added an activity stream gadget for Confluence. This means you can now have your Confluence Activity on your JIRA dashboard or on a Confluence page\\! You can also directly comment from the activity stream.\n\n!activity stream gadget.png|thumbnail!\n\nh2. Dialogs Team\n\nh5. Page move dialog\n\nWe\'ve added new tabs and improved the design of the new Move Page dialog based on feedback from earlier iterations. Some key improvements:\n\n* A quick way of specifying a known location in the wiki using space and page title autocomplete (quick-nav style)\n* Search and Recently Viewed tabs for locating a parent page in different ways\n* An improved tree component which gives better loading feedback\n* Fixed description panels so helpful text doesn\'t disappear when you scroll the tree\n* A new location panel in the dialog so you know where you\'re moving a page from and to\n* Immediately highlight problems with the new location, such as attempting to move a page beneath itself or its children.\n\n{gallery:include=movepage-recentlyviewed.png, movepage-search.png, movepage-browse.png, movepage-known.png}\n\nThe move dialog is feature-complete for this release, but we still have a few remaining improvements to make. In particular, scrolling the tree to the correct location when it opens and making the tree completely undraggable will be fixed for the next release.\n\nh5. Image browser\n\nThe new image browser dialog now supports uploading files. The upload proceeds faster than before (because the entire window doesn\'t need reloading), and you\'ll get a thumbnail of your image preselected, ready to insert.\n\nWe\'ve fixed the bugs with image borders that prevented them working properly in the rich text editor, and enabled borders by default for newly inserted images. The dialog also includes some simple keyboard navigation that should make it more intuitive to interact with. All features of the image dialog have been tested with all our supported browsers.\n\nWe also spent some time on improved validation of uploaded attachments and thumbnail generation. The old insert image window is now disabled, so please let us know if you have any problems with the new functionality.\n\n!image-dialog.png|thumbnail!\n\nThe image dialog is feature-complete for this release, but also has a few issues which will be fixed before the final release. Better handling of server outages and not being able to attach due to permissions is coming in the next release.\n\nh5. Page \"Permissions\" dialog\n\nWe have reverted to the two row layout to avoid permission-restriction-inconsistencies, and fixed a few bugs along the way. Most notably, inherited restrictions are now displayed separately from the current level\'s restrictions, and hidden by default. This avoids cluttering the page with stuff you usually know about already (when working in restricted page hierarchies).\n!restrictions-inherited-permissions.png|thumbnail! !restrictions-twixie.png|thumbnail!\n\nh2. Engine Room\n\nNothing big went into M7, the super-batching work is ongoing and will mean faster page loads from 3.0-beta1 onwards.\n\nh2. Drag & Drop\n\nThe drag and drop feature now looks even better, bugs have been fixed and we have added a dropzone on the attachment screen to make it more obvious that you can actually drag and drop file to this page. (Yes, we also considered many other alternatives, but some were hard design-wise (and we left them for a later major redesign of the lower part of the editor screen), others were considered too subtle, and others were just out of scope (like a separate tab on the image dialog) due to the release being late already.\n!dropzone.png|thumbnail,border=1! !dragdrop style.png|thumbnail,border=1!\n\nPlease note that the drag and drop feature is not bundled yet, neither in M7 nor in Beta 1. However, we will publish it as part of Beta 2. We\'ve been keeping it under the wraps a bit so the competition can\'t steal all of our ideas while we\'re not even shipping them. :-)\n\nThe final addition we\'re considering for this feature is to enable drag and drop into the new \'Insert Image\' (Image Browser) window to help the marketing campaign, but no guarantees are being made at this point.\n\nh2. Small Improvements\n\nThe footer is now always at the bottom at the viewport, rather than the bottom of the content. This makes the layout a lot cleaner on short pages:\n\n!footer-screenshot.png|thumbnail!\n\nNew improved \'button-esque\' design for the \"Get more\"\\--link- button: !getmore.png|thumbnail,border=1!\n\nh2. What\'s next?\n\nPaul is busy building Beta 1 today, and that should hit EAC early next week, and we\'ll publish that too. ',32835),(163889,'[!_Images^btn_previous.png!|Confluence Roadmap]\n\n\nh3. Goal\n\nGive users richer profiles that contained \'structured\' data that can be used by Confluence.\n\nh3. Mockup\n\n!0.01.6.png|thumbnail!\n\nh3. Use Cases\n\n# User can specify profile details about themselves.\n# Admins can edit users profile details\n# If a user does not have a personal space their profile page is shown with the following information\n# User sees a panel on every page of a person\'s personal space showing their activity, and their followers (if followers is implemented)\n# Profile section has edit link that links to the person\'s profile tab\'s detail section see screen above (in their personal space)\n# Activity section has a more link that links to the person\'s profile (in their personal space showing the person\'s activity with the default number of recently updated entries)\n# Follow section shows 5 random following and followers (see design) and links to Follow tab (in the users personal space)\n# User can favourite the person from the profile panel\n\\\\\n\n[!_Images^btn_previous.png!|Confluence Roadmap]',32776),(163890,'[!_Images^btn_previous.png!|Confluence Roadmap]\n\n\nh3. Goal\n\nShow quickly and conveniently key details about a Confluence user wherever that user\'s name appears.\n\nh3. Mockup\n\n!0.02.1.png|thumbnail!\n\nh3. Use Cases\n\n# Sees popup with details about the user as per the mockup\n# More menu which is pluggable with other commands\n\\\\\n\n[!_Images^btn_previous.png!|Confluence Roadmap]',32775),(163891,'[!_Images^btn_previous.png!|Planned Feature Specifications] \n{section}\n{column}\n\nh3. Goal\n{excerpt}\nThe amount of rich objects (embedded videos, office documents, images, links) that can be added to Confluence has grown rapidly over the last two releases. The insert menu is a drop down that gives users one simple place to go to add an object to a wiki page without clutter and confusion.\n{excerpt}\n{column}\n{column:width=1%}\n{column}\n{column}\n\nh3. Mockup\n\n!0.07.2.png|thumbnail!\n{column}\n{section}\n{toc-zone:type=flat}\n\nh3. Requirements\n\nh4. Insert Menu\n\n|| \\# || Requirement || Justification ||\n| 10 | Option to insert image. This should open the Image Browser at the tab allowing file upload. | |\n| 20 | Option insert web image. This should open the Image Browser at the tab allowing URL. | |\n| 30 | Option to insert an \'Office\' document. This should open the Document browser at the tab allowing upload. | The most common attachment case is from your local machine. See the [Media Browser|Media Browser Spec] spec for details on the Office Connector integration. |\n| 40 | Option to insert a link. This should open the Link Browser | |\n| 45 | Option to insert an attachment. This should open the Link Browser at the attachments tab. | Inserting a \'generic\' attachment i.e. one that is not an image or document can only sensibly be handled as an insertion of a link to an attachment. |\n| 50 | Insert Emoticon, Symbol and Horizontal Ruler should be moved to the insert menu | This also follows the thought process a user would have in wanting to use these facilities. It also helps simplify the toolbar by moving less frequently used buttons into the menu. |\n| 60 | Shortcut to the relevant Macro Browser screen for 5 installed macros | The macro browser can still be fairly daunting if you don\'t know enough about the thing you are trying to insert. This is a good mechanism to introduce users to macros. |\n| 70 | Option to launch the macro browser with no preselected macro. | If the macro required is not one of the 5 shortcut ones then the user needs a way to use the Macro Browser to find and configure an arbitrary macro. |\n|| Optional || Optional || Optional ||\n| 80 | Identical Insert Menu in the wiki editor. | The wiki editor is significantly different from the rich text editor and is a completely separate piece of work to add the menu here. |\n| 55 | Within the wiki editor, no Emoticon, Symbol or Horizontal Ruler option will be implemented. \\\\ | The Wiki Editor does not currently offer assistance with these items and we\'re not going to spend development time implementing it for this spec. \\\\ |\n\nh3. Estimation\n\n|| Requirement Reference || Task || Estimate || Notes ||\n| | Create new TinyMCE Menu | 0.5d | |\n| 30 | New plugin websection in the menu | 0.5d | The \"Document Browser\" from the Office Connector will present itself here. |\n| 10,20,30,40,45,50,60,70 | Launching the appropriate dialogs at the appropriate tabs | 2d | |\n| 100 | Context sensitive Edit button in RTE | 2d | |\n| 120 | Insert when already selected a previously inserted item | 2d | |\n| 200, 230 | Configurable Macros presented in insert menu | 1d | Includes the infrastructure work to store this configuration. |\n| 210 | Simple admin configuration screen | 0.5d | Admin just builds a list of macros by name. |\n|| Optional || Optional || Optional || Optional ||\n| 210 | Admin configuration screen with assistance \\\\ | 1.5d \\\\ | Includes assistance/auto-complete for admin selecting macros. \\\\ |\n| 80 | Insert Menu for wiki editor | 2d | |\n| 130 | Context sensitive Edit button in wiki editor. | 2d | Matt Ryall has done a lot of work in this area and will be able to provide a better estimate when he returns. |\n| 130 | Bug fixing the current edit buttons in wiki editor which do not pick up context. | 2d | |\n| 110 | Edit option on the context menu in RTE | 2d | |\n\nh3. Totals\n\nComplete Estimate: *18d*\n\nExcluding Optional Work: *8.5d{*}{toc-zone}\n[!_Images^btn_previous.png!|Planned Feature Specifications]\n\\\\\n\\\\\n{warning:title=Warning: Sample Content}This is sample content that comes included with Confluence for the purposes of demonstrating how the product can be used.{warning}  ',32860),(163892,'[!_Images^btn_previous.png!|Planned Feature Specifications]\nh3. Goal\n{excerpt}\nMake it easier to import media onto a page by providing better previews, easier attaching of files with less steps, and make everything prettier by using the new dialog box styles. Also allow a tab for inserting images through URLs.\n{excerpt}\n\nh3. Prioritised User Stories\n\n|| Title \\\\ || Must Have Stories || Screenshots \\\\ ||\n| Insert Image \\\\ | Mark wants to attach an image to his Sales Presentation page. He clicks the Insert Image button in the editor and opens the Insert Image dialog box with the Images tab selected. He clicks the Browse button and selects a file from his hard drive and clicks OK. The file is uploaded and appears in the list of alphabetised images as the selected item. He aligns the image to the centre, makes it a thumbnail. \\\\\n* A border (1px solid #ccc) is added by default to images to distinguish them from the page. | !0.07.4.png|thumbnail! |\n| Edit Image \\\\ | Kate wants to align an image to the right. She selects the image and sees a panel that appears in the editor that allows her to edit or remove the image. She selects edit and it opens up the Media Browser to the Images tab. She changes the alignment and closes the dialog box. \\\\\n* Like Google Sites but without the alignment options. See screenshot.\n* If the panel is not feasible, then show a drop down toolbar (like we have in the editor when you select a table) that shows you an Edit Image button. | !0.07.3.png|thumbnail! |\n| Insert Image - Web Address \\\\ | Kate is preparing a bio page. She wants to link to an image of her cat that she has on her personal website. She opens the Insert Image dialog box and clicks the Web Address tab. She puts in the URL and clicks Insert. \\\\\n* Kate can align and put a border around web images. | !0.06.2.png|thumbnail! |\n| Edit Image - Web Address \\\\ | Kate wants to change the source of a Web Image. She selects the image and sees a panel that appears in the editor. She selects edit and it opens up the Media Browser to the Web Images tab. She changes the URL of the Web Image and closes the dialog box. \\\\ | |\n| Insert drop down \\\\ | [Insert Menu Spec|Insert Menu Spec]\\\\ | |\n[!_Images^btn_previous.png!|Planned Feature Specifications]\n\\\\\n\\\\\n{warning:title=Warning: Sample Content}This is sample content that comes included with Confluence for the purposes of demonstrating how the product can be used.{warning} ',32857),(163893,'{section}\n{column:width=1px}\n{panel}\n{gallery:columns=2|include=screen-dashboard.png,screen-page.png}\n{panel}\n{column}\n{column}\nWith the +[TaskDock Plugin|http://www.taskdock.com/product/index.jsp]+ you can easily assign targeted actions like commenting on content or threads, adding or updating an attachment, editing a page, adding a page, or a general task right from any Confluence page. Seamlessly complete tasks within Confluence by clicking simple action links or by replying to certain emails to comment or upload attachments. Regardless of how you do it, smart follow-up tracks what you complete, so you can focus on doing actions versus managing tasks.\nh5. Confluence as an Intranet\nConfluence pages are great for collaborating on the agenda for a meeting. Using TaskDock you can make sure that everyone\'s voice is heard:\n# *Create a new page* with suggested agenda items for a upcoming meeting\n# *Add a task* to each of the meeting attendees to either _comment on the page_ or _edit the page_ to add their own agenda items\n# Once the meeting is complete, *add another task* for the meeting attendees to update their notes from the meeting\n\nh5. Confluence for Documentation\nWhen you create a new page in your documentation space which requires review, you can use the TaskDock plugin to insure it is reviewed by the right people.\n# *Create a new page* the is in the draft phase\n# *Add a task* for a colleague to _comment on the page_ with any changes that need to be made before the page is ready for publishing\n\nh5. Confluence for Knowledge Management\nIf you are creating Knowledge Base articles in Confluence you can use the TaskDock plugin to ensure articles are kept up-to-date\n# *Create a new page* that will be a new article in the knowledge base\n# *Add a task* with a due date 1 month from now for yourself to _review the page_ to ensure it is still a relevant article\n\nh5. Watch the 3 min video\n{widget:url=http://www.vimeo.com/7034760}\n\n(i) *See the documentation* - [TaskDock Plugin|http://support.taskdock.com/forums/68995/entries]\n{column}\n{section}\n',32853),(163894,'ConText, my previous editor of choice, burnt me when I discovered that its \'Search backwards\' function doesn\'t always find matches. Now I\'m searching for a new file editor to do my Confluence support in.\n\nAre there any decent Windows-based editors that you would recommend, or is Cygwin Vim the undisputed king?\n\nI\'ll be using it for log trawling and editing XML, VM and Java property files. The ability to filter text (eg show only lines containing SEVERE) would be useful, as would colour highlighting for XML and HTML. Also Id like something that won\'t choke on gigabytes of text.\n\nIf anyone has any suggestions, just let me know. \n\n\\\\\n\\\\\n\\\\\n\\\\\n\\\\\n\\\\\n\\\\\n\\\\\n\\\\\n{warning:title=Warning: Sample Content}This is sample content that comes included with Confluence for the purposes of demonstrating how the product can be used.{warning}',32826),(163895,'Browsing the in-flight magazine for Regional Express on the way to see my family over the long weekend produced this pleasant surprise - amongst the dozen or so websites reviewed in their article on \'Websites That Work\' was a plug for Confluence and Atlassian. They seemed a bit vague on what wikis actually do, describing them as \"able to bring those water cooler conversations online\", but went on to describe us as one of best of the bunch and included a link to our site.\n\\\\\n\\\\\n\\\\\n\\\\\n\\\\\n\\\\\n\\\\\n\\\\\n\\\\\n\\\\\n\\\\\n\\\\\n\\\\\n\\\\\n{warning:title=Warning: Sample Content}This is sample content that comes included with Confluence for the purposes of demonstrating how the product can be used.{warning}',32825),(163896,'I\'m now back in the office again after a 3 month backpacking tour of Europe. I managed 17 countries and had an amazing time, but it\'s good to be back after living out of a suitcase for so long. It\'s great to hear that Atlassian meet our amazing growth projections for the financial year and see our new sales process.\n\nI\'m looking forward to getting back into everything again. 500+ emails and many, many blog posts...\n\\\\\n\\\\\n\\\\\n\\\\\n\\\\\n\\\\\n\\\\\n\\\\\n\\\\\n\\\\\n\\\\\n\\\\\n\\\\\n\\\\\n\\\\\n\\\\\n{warning:title=Warning: Sample Content}This is sample content that comes included with Confluence for the purposes of demonstrating how the product can be used.{warning}',32823),(163897,'{include:_Installing Plugins}\n{anchor:top}\n{section}\n{column:width=380px}\n{panel:borderColor=#336699|borderWidth=2|bgColor=#B2DFEE}\n*On this page:*\n{toc:maxLevel=2}\n{panel}\n{column}\n{column}\n{column}\n{section}\n\nh1. Manage tasks and get everyone involved\n{include:_TaskDock}\n[_Back to top_|#top]\n\n\nh1. Skin and theme your intranet\n{include:_Themes}\n[_Back to top_|#top]\n\n\nh1. Collaborative web-based diagrams\n{include:_Gliffy}\n[_Back to top_|#top]\n\n\nh1. Create mockup diagrams\n{include:_Balsamiq}\n[_Back to top_|#top]\n\n\nh1. Other plugins pre-Installed\n{include:_PreinstalledPlugins}\n[_Back to top_|#top]\n\n\n\nh1. More Confluence plugins\n{include:_PAC}\n[_Back to top_|#top]',32859),(163898,'{section}\n{column:width=1px}\n{panel}\n{gallery:columns=2}\n{panel}\n{column}\n{column}\nEver heard the saying _\'a picture is worth a thousand words\'_? Using the +[Balsamiq Mockups Plugin|https://plugins.atlassian.com/plugin/details/256]+ you can create and visualise mockups of diagrams for proposed layouts of website content, new features, and much more, right within Confluence.\n* Our *Development Team* uses Balsamiq to mockup new features for our products. The Balsamiq Mockup below eventuated in the new Image Browser that shipped in Confluence 3.1.\n* Our *Marketing Team* use Balsamiq to create mockups of pages for our website in Confluence. The mockups are then given to our *Web Team* to implement.\nh5. How to add a Mockup to an existing page\n\n# *Hover your cursor* over the _Add_ menu on any Confluence page\n# *Select* *{_}UI Mockup{_}*\n# *Use the Balsamiq Web-based editor* to complete your mockup\n# Once you\'ve completed your mockup, *select* *{_}Save and Close{_}* *from the* *{_}Mockup{_}* *menu in the top-left of the Balsamiq editor*\n\nh5. Watch the video\n{widget:url=http://www.youtube.com/watch?v=e7htdJCvkeQ}\n\nh5. Import Existing Mockups\n\nYou can [+reuse a whole bunch of Mockups+|http://mockupstogo.net/] that have been contributed by the community.\n{column}\n{section}',32858),(163899,'The Confluence team is proud to present Confluence 2.10 milestone 5. This milestone was deployed to our internal system on Friday and is the final milestone of 2.10 feature development.\n\nThis milestone contains many new features and enhancements that you can read about in the release notes - please log any issues you find with the milestone on JAC under the Confluence project as affecting 2.10.\n\nThanks!\n\nh2. Milestone 5 highlights\n\nh4. Office Connector\n\n* \"View Online\" or \"View as HTML\" link for supported file types on the Attachments screen, Attachments macro, and Search Results. This makes it easy to quickly preview Office files without having to leave Confluence\n!Picture 1.jpg|border=1,width=706,height=263!\n!Picture 2.jpg|border=1,width=531,height=290!\n* New look for the PPT and PDF flash viewer with a download button, and an improved fullscreen.\n!Picture 3.jpg|border=1!\n* Conversion Queue for managing performance when you may have a lot of users using the Office Connector.\n\n\\\\\n\\\\\n{warning:title=Warning: Sample Content}This is sample content that comes included with Confluence for the purposes of demonstrating how the product can be used.{warning}',32822),(163900,'Attached to this page are images that are commonly used in the Demonstration Sapce.\n\nYou can insert the images directly into a page --- there\'s no need to attach them to the page itself. Here\'s an example of how to do that:\n\n{code}\n[!_Images^btn_next.png!|Using the menus]\n{code}\n\n\n\nh3. Attachments\n{attachments}',32840),(163901,'The children of this page contain information which is *included in other pages*. This is a library of re-usable information chunks.\n\nIf you want to change any of these pages, be aware that:\n* Changing page names is problematic --- you will need to change all the \\{include} and \\{excerpt-include} macros manually.\n* The content is used in many places --- make sure your change is generic enough to fit the contexts in which the pages are used.\n\nTo include an excerpt from a page:\n{code}\n{excerpt-include:_page name|nopanel=true}\n{code}\nNote that the page titled \'_page name\' must contain the \\{excerpt} macro, otherwise the \\{excerpt-include} will not work.\n\nTo include the entire contents of a page\"\n{code}\n{include:page name|nopanel=true}\n{code}\n\nh6. Children of this Page\n{children:all=true}',32841),(163902,'{section}\n{column:width=1px}\n{panel}\n{gallery:columns=2|include=RefinedWiki.jpg,IntranetTheme.png,ThemeBuilder.png|sort=name}\n{panel}\n{column}\n{column}\nYou have +[a number of options|http://confluence.atlassian.com/x/y4iUD]+ for completely customising the look and feel of Confluence. Below, we\'ve highlighted the most popular options for skinning Confluence for use as a corporate intranet.\n\nh5. RefinedWiki Original Theme\n\nRefinedWikis Original Theme is a plugin which gives Confluence a whole new design and makes it easier for your company to collaborate and share documents. +[Watch the video|http://refinedwiki.com/en/display/products/product-demonstration.aspx]+\n\n(i) [*Learn more*|https://plugins.atlassian.com/plugin/details/15231]\n\nh5. Intranet Theme\n\nThe Confluence Intranet Theme provides support for hierarchically structured content using menu based navigation, making content much more accessible.\n\n(i) [*Learn more*|https://plugins.atlassian.com/plugin/details/13887]\n\n\nh5. ThemeBuilder\n\nIf you are looking to build your own theme, the Theme Builder plugin allows you to add and customise logo banners, menu-driven navigation, style sheets, footers and more...\n\n(i) [*Learn more*|http://www.adaptavist.com/display/ADAPTAVIST/Builder]\n\n{column}\n{section}',32861),(163903,'{section}\n{column:width=1px}\n{panel}\n{gallery:columns=2|include=Approvals Workflow.png,Approvals Workflow 2.png}\n{panel}\n{column}\n{column}\nThe +[Approvals Workflow Plugin|https://plugins.atlassian.com/plugin/details/142]+ integrates seamlessly with Confluence to provide an innovative way of managing content approvals, without compromising the open and collaborative philosophy of a wiki. Users can create their own approval checks in their pages, or define more sophisticated workflows for entire spaces to enforce rules and actions.\n\nh5. Watch the video\n{widget:url=http://app.episodic.com/shows/42/episodes/oigfhy9wu2im}\n\n(i) *See the documentation* \\- [Approvals Workflow Plugin|http://confluence.comalatech.com/display/AWP/Home]\n\n\n{column}\n{section}',32790),(163904,'!red-green-b.JPG|align=right!\n\nh2. What\'s this?\n\nWe conduct process meetings every three weeks where we look back at the last three weeks, discuss what is good and what not, and try to improve the situation all the time. Every now and then (after each major release) we take some time to reconsider a larger timespan in order to also tackle the bigger or underlying problems. In Confluence-land this is called Retrospective. We did one four months ago already, this is our second one.\n\nA retrospective is more formal than a normal process meeting, but we try to keep it as simple as well. This time, the process was like this\n* Everyone could prepare history-, good-, bad-cards before the meeting.\n* History cards (yellow) were put onto the whiteboard quickly in two rounds\n* Everyone got to write a few good and bad-cards (green and red), then each one could put his top two onto the wall and explain them\n* We did two rounds of that, additional cards could be written during that time\n* Everyone wrote down 5 votes for each side on a piece of paper (or just took a mental note), and then the voting happened publicly by everyone at the same time. But since everyone had to decide first, the chances of cross-influencing others (donkey-voting) was minimized\n* We counted the votes, and discussed the top 4 good and top 7 bad. The rest will be looked at by Per soon, and then he decided is some more action should be taken.\n\n* We had the lunch break after the first two red cards, e.g. the collecting and voting and the first part of the discussion before lunch, the majority of the discussion after lunch. That way we didn\'t have *all* the discussion at once, which would have been quite exhausting.\n* Altogether we spent about 60 minutes on collecting, 40 minutes on the first part of the discussion, and then another 80 (or so) minutes on discussion after lunch.\n\\\\\n\\\\\n\\\\\n\\\\\n\\\\\n\\\\\n\\\\\n{warning:title=Warning: Sample Content}This is sample content that comes included with Confluence for the purposes of demonstrating how the product can be used.{warning}',32821),(163905,'Confluence comes with a set of bundled plugins (macros) that you can use right away with the Macro Browser. +[Learn more|http://confluence.atlassian.com/display/DOC/Working+with+Macros#WorkingwithMacros-MacrosShippedwithyourConfluenceInstallation]+.',32786),(163906,'{section}\n{column:width=1px}\n{panel}\n{gallery:columns=2|include=rate-macro-1.gif,rate-macro-2.png}\n{panel}\n{column}\n{column}\nThe +[Rate Macro Plugin|https://plugins.atlassian.com/plugin/details/181]+ provides set of macros for collecting, displaying and reporting page ratings.\nh5. Some Implementations we\'ve seen\n* Allow users to rate your knowledge base articles so you can discover which articles require improvement\n* Open up voting on a new UI mockup for a new feature in your product\n\n(i) *See the documentation* - [Rate Macro|https://studio.plugins.atlassian.com/wiki/x/sYIi]\n{column}\n{section}\n',32789),(163907,'{include:_Installing Plugins}\n{anchor:top}\n{section}\n{column:width=380px}\n{panel:borderColor=#336699|borderWidth=2|bgColor=#B2DFEE}\n*On this page:*\n{toc:maxLevel=2}\n{panel}\n{column}\n{column}\n{column}\n{section}\n\nh1. Keep your content fresh and relevant\n{include:_Archiving}\n[_Back to top_|#top]\n\n\n\n\nh1. Manage approvals and workflows\n{include:_Approvals Workflow}\n[_Back to top_|#top]\n\n\n\n\nh1. Allow users to rate your content\n{include:_Rate Macro}\n[_Back to top_|#top]\n\n\n\n\nh1. Other plugins pre-installed\n{include:_PreinstalledPlugins}\n[_Back to top_|#top]\n\n\n\n\nh1. More Confluence plugins\n{include:_PAC}\n[_Back to top_|#top]',32798),(163908,'{section}\n{column:width=1px}\n{panel}\n{gallery:columns=2|include=Archiving.png,Archiving 2.png}\n{panel}\n{column}\n{column}\nThe +[Archiving Plugin|https://plugins.atlassian.com/plugin/details/123]+ archives Confluence pages that haven\'t been changed for awhile, or have been labelled with \'archive\'. This plugin helps you to keep your content fresh and relevant. Pages that never expire and are to be ignored by archiving should be labeled with noarchive or noarchive-single.\n\nFor each fresh space having pages to archive, it will create an archive space transparently in the background. Then it copies the outdated pages there, and trashes the original ones. Additionally, it sends emails to authors and last modifiers of the pages close to expire.\n\nIt effectively automates content archival processes, and prevents your wiki spaces turning into scrapyards.\n\n(i) *See the documentation* - [Confluence Archiving Plugin|https://studio.plugins.atlassian.com/wiki/x/aYAi]\n{column}\n{section}\n',32796),(163909,'{include:_Installing Plugins}\n{anchor:top}\n{section}\n{column:width=380px}\n{panel:borderColor=#336699|borderWidth=2|bgColor=#B2DFEE}\n*On this page:*\n{toc:maxLevel=2}\n{panel}\n{column}\n{column}\n{column}\n{section}\n\nh1. Copy existing spaces\n{include:_Copy Space}\n[_Back to top_|#top]\n\nh1. Manage approvals and workflows\n{include:_Approvals Workflow}\n[_Back to top_|#top]\n\n\nh1. Manage tasks and get everyone involved\n{include:_TaskDock}\n[_Back to top_|#top]\n\nh1. Collaborative web-based diagrams\n{include:_Gliffy}\n[_Back to top_|#top]\n\nh1. Other plugins pre-installed\n{include:_PreinstalledPlugins}\n[_Back to top_|#top]\n\n\nh1. More Confluence plugins\n{include:_PAC}\n[_Back to top_|#top]',32846),(163910,'{section}\n{column:width=1px}\n{panel}\n{gallery:columns=2|include=copy-space.png}\n{panel}\n{column}\n{column}\nThe Copy Space plugin allows a space administrator to copy a space, including the pages within the space, but excluding (so far)page history, blog posts and email.\n\nh5. Confluence for Documentation\n\nThe Atlassian Tech Writers use spaces as as their version-control mechanism. Here\'s an overview of the process they follow:\n* Leading up to release date, they work with \'hidden drafts\' in the documentation space. For new features, they create new pages with restricted permissions. If they need to update existing pages, they create a hidden copy of the page and apply the updates to the copy.\n* When release date is near, they *copy the documentation space* to create a snapshot of the current release as an archive using the Copy Space plugin.\n* On release date, they rebrand the main documentation space to reflect the new release number. Then they unhide all the new pages and copy the content of the updated pages to the proper pages, then delete the copies.\n* They then export the new release to PDF, HTML and XML, for those customers who prefer offline versions of the documentation.\n\nh5. Confluence as an Intranet\n\nConfluence spaces are great for creating team spaces. You can create a template space for new teams and use the Copy Space plugin to copy the template whenever need to create a space for a new team.\n\nh5. Confluence for Knowledge Management\n\nConfluence spaces are great for creating knowledge bases. You can create a template space for new knowledge base and use the Copy Space plugin to copy the template whenever you need to create a new knowledge base.\n\nh5. Instructions\n\n# *Enter the space* you wish to copy\n# *Navigate to* *{_}Space Admin{_}* from the _Browse_ menu in the menubar\n# *Click on* *{_}Copy Space{_}* under the _Space Operations_ menu in the left navigation panel\n\n(i) *See the documentation* \\- [Copy Space Plugin|https://studio.plugins.atlassian.com/wiki/x/BYEi]\n\n{column}\n{section}',32849),(163911,'I got this email from a customer and thought I would share it!\n\n{quote}Matt, hi\n\nJust a quick note to thank you for the Webinar you hosted today. There was quite a group of us in attendance and it was very informative.\n\nCheers,\nThomas{quote}',32833),(163912,'There are hundreds of open-source and commercial plugins available for Confluence. Browse them by category on the +[Atlassian Plugin Exchange|https://plugins.atlassian.com/search/by/confluence]+.',32845),(163913,'{excerpt}These days, I find it sometimes easier to start Confluence in Maven rather than in IDEA when I want to reproduce test failures. It has a more standard classpath, for example, and matches the behaviour of Bamboo more closely.\n\nh5. Starting Confluence in Maven\n\nHere\'s how:\n\n{code}\n# put the latest version into the local repo\nmvn clean install -Dmaven.test.skip\n\n# run the setup acceptance test to create the home directory in conf-webapp/target/confluence-home\nmvn -o clean verify -Dtest=SetupAcceptanceTest -DfailIfNoTests=false\n\n# start cargo with the Confluence installation created by the setup acceptance test\nmvn -o verify -Pdebug -Dcargo.wait -Dmaven.test.skip -Dhttp.port=9000\n{code}\n\nNow you can run any acceptance test or tests in IDEA, pointed at this Confluence instance.\n{excerpt}\nh5. Configuring the tests in IDEA\n\nIf you\'re using port 9000 like in the example above, you\'ll need to change {{confluence_default.properties}} to set the port appropriately. The default is whatever some sloppy developer accidentally committed last -- usually 8080.\n\nWhen running the first acceptance test since you set up the instance, it needs to know what version of the functest plugin to install. Set the {{confluence.version}} system property in the VM settings of your test\'s run configuration to upload the right one:\n\n{noformat}\n-Dconfluence.version=2.10-SNAPSHOT\n{noformat}\n\nThe exception you\'ll get if you don\'t set this system property is:\n\n{noformat}\njava.io.FileNotFoundException: Could not find plugin file Confluence Functional Test Remote API (confluence-functestrpc-plugin:com.atlassian.confluence.plugins:null:jar) to upload\nat com.atlassian.confluence.it.plugin.WebTestPluginHelper.installPlugin(WebTestPluginHelper.java:73)\nat com.atlassian.confluence.AbstractConfluenceAcceptanceTest.setUp(AbstractConfluenceAcceptanceTest.java:266)\nat com.atlassian.confluence.AbstractConfluenceAcceptanceTest.setUp(AbstractConfluenceAcceptanceTest.java:213)\nat com.atlassian.confluence.NotificationContentsAcceptanceTest.setUp(NotificationContentsAcceptanceTest.java:29)\nat net.sourceforge.jwebunit.junit.WebTestCase.runBare(WebTestCase.java:58)\nat com.intellij.rt.execution.junit.JUnitStarter.main(JUnitStarter.java:40)\nat sun.reflect.NativeMethodAccessorImpl.invoke0(Native Method)\nat sun.reflect.NativeMethodAccessorImpl.invoke(NativeMethodAccessorImpl.java:39)\nat sun.reflect.DelegatingMethodAccessorImpl.invoke(DelegatingMethodAccessorImpl.java:25)\nat com.intellij.rt.execution.application.AppMain.main(AppMain.java:90)\n{noformat}\nThe \'null\' at the end of confluence-functestrpc-plugin:com.atlassian.confluence.plugins means you haven\'t specified the version number with the system property.\n\nh5. Debugging\n\nYou can attach the debugger to Confluence on the port configured in the webapp POM, if you need to. I think it\'s 5005. \n\\\\\n\\\\{warning:title=Warning: Sample Content}This is sample content that comes included with Confluence for the purposes of demonstrating how the product can be used.{warning}',32843),(163914,'{section}\n{column}\n!ds:_Images^plugins_icon.png|aligh=left,width=70,height=64!\n{column}\n{column}\n{info:icon=false}Confluence\'s plugin system makes it easy to customise and extend Confluence for your specific intranet, documentation and collaboration needs. We\'ve highlighted a few plugins that you may like to check out based on how you are intending to use Confluence.{info}\n{column}\n{section}\n{section}\n\n{column:width=33%}\n[!ds:_Images^documentation_icon.png|align=center!|Plugins for Documentation]\n\n{column}\n\n{column:width=33%}\n[!ds:_Images^intranet_icon.png|align=center!|Plugins for Intranets]\n\n{column}\n\n{column:width=33%}\n[!ds:_Images^knowledge_icon.png|align=center!|Plugins for Knowledge Management]\n\n{column}\n{section}',32781),(163915,'Hello everyone,\n\nWe\'ve set the new sales target for this year and wanted to communicate it to you as soon as possible. Given our stronger-than-expected performance last fiscal year and the robustness of our pipeline, we expect to exceed last year\'s performance by at least 10%. Therefore we have set this year\'s goal at a conservative $10 million. $10million won\'t be a _cake walk_ but it\'s not out of reach for a strong sales team like the one we have here. You will be receiving your individual goals in the next week. In the mean time, keep up the good work and maintain the focus!\n\\\\\n\\\\\n\\\\\n\\\\\n\\\\\n\\\\\n\\\\\n\\\\\n\\\\\n\\\\\n\\\\\n\\\\\n\\\\\n{warning:title=Warning: Sample Content}This is sample content that comes included with Confluence for the purposes of demonstrating how the product can be used.{warning}',32797),(163916,'Usually we get compliments on our webinars and customer support. Today I got a nice compliment on our website I wanted to share with you all:\n\n{quote}Hi Boots.\n\nThank you for contacting me. Let me congratulate your company for such a good commercial website, it is very simple for costumers to surf though the products information.\n\nBest regards,\nTim{quote} \n\\\\\n\\\\\n\\\\\n\\\\\n\\\\\n\\\\\n\\\\\n\\\\\n\\\\\n\\\\\n\\\\\n\\\\\n{warning:title=Warning: Sample Content}This is sample content that comes included with Confluence for the purposes of demonstrating how the product can be used.{warning}',32788),(163917,'{section}\n{column:width=60%}{excerpt}\nConfluence can archive emails --- which is useful for tracking information over a long period of time, and for permanently referencing emails from within documents. {excerpt}\n\\\\\n\nEmail archiving allows you to:\n* Keep a history of interaction with your clients, colleagues or friends.\n* Refer to email content when creating Confluence content.\n* Centralise yet another form of communication in Confluence.\n{column}\n{column}\n{info:icon=false}\nEmail archiving is discussed in greater detail in the [documentation|http://confluence.atlassian.com/x/7iAC].\n{info}\n{column}\n{section}',32773),(163918,'{section}\n{column:width=60%}{excerpt}\nA very useful aspect of Confluence is rapid page creation based on linking. {excerpt}\n\nh3. Creating new pages through links\n\nThere are two ways to create a new page:\n* The first is to hit \'*Add Page*\' in the menu. You will find detailed instructions in the [tutorial|Creating a page] in this space.\n* The second is to simply link to a new page in an existing one. Just click the \'*Edit*\' link and, using Wiki Markup, type in the following:\n{code}\n[my new page]\n{code}\nIt will produce this: [my new page].\n\\\\\n\nThe red, underlined text indicates that if you click on it you will be given the option of creating a new page.\n\nYou can read more about Wiki Markup in the [documentation|http://confluence.atlassian.com/x/CyEC].\n\nh3. Pages have parents, just like anyone\n\nPages themselves can have parents, and thus you can create \'page families\' (or page hierarchies) in Confluence. These are useful for showing logical connections between pages, as we have done for the \'Home\' page and every other page in the Demonstration Space:\n{children:page=Home|all=true}\nIt\'s up to you what kind of meaning you want your page hierarchies to represent. A common use is similar to a table of contents in a book, which presents a chapter with pages belonging to it.\n\nWikis differ to the classical notion of books, however, and it is appropriate to think in a wider context and experiment with how content can be presented in a useful way for a community of users.\n{column}\n{column}\n{info:icon=false}\nThe documentation on the left is an abbreviated version of the online documentation for [creating pages and links| 	 http://confluence.atlassian.com/x/cCAC].\n\nYou may also find the documentation on [page families|http://confluence.atlassian.com/x/fSAC] useful.\n{info}\n{column}\n{section}',32770),(163919,'{section}\n{column:width=60%}{excerpt}\nJIRA is Atlassian\'s issue tracking system. Confluence and JIRA can be used together, allowing the integration of a content management solution with an issue tracker. For example, the [JIRA Issues macro|http://confluence.atlassian.com/x/dCAC] can be used to display a list of JIRA issues on your Confluence page:{excerpt}\n{jiraissues:anonymous=true|url=http://jira.atlassian.com/secure/IssueNavigator.jspa?view=rss&order=DESC&tempMax=25&reset=true|columns=type;key;summary;priority;assignee;status}\n{column}\n{column}\n{info:icon=false}\nFor more information on Atlassian\'s founding product please see the [JIRA webpage|http://atlassian.com/software/jira] or, alternatively, learn [how to pronounce \'JIRA\'|http://confluence.atlassian.com/x/I-AC]\n{info}\n{column}\n{section}',32777),(163920,'{section}\n{column:width=60%}{excerpt:exampleIndex}\nConfluence pages are written in a simple markup language based on [Textile|http://textism.com/tools/textile/]. By using this simple markup, Confluence makes it easy for your team to create and share content together.{excerpt}\n\\\\\nHere is a short example of some typical markup:\n\\\\\n\nh3. Confluence Markup\n\nTitles can be easily built using\n{code}\nh3. Confluence Markup\n{code}\n\nh4. Text\n\nText can be _emphasised_, *bolded*, ??cited??, -deleted-, +inserted+, used as ^superscript^ or as ~subscript~, {{monospaced}}, used as %a span%, given in bq. blockquotes.\n{code}\nText can be _emphasised_, *bolded*, ??cited??, -deleted-, +inserted+, used as ^superscript^ or as ~subscript~, {{monospaced}}, used as %a span%, given in bq. blockquotes.\n{code}\n\nh4. Colour\n\nYou can specify a colour simply by typing the name of the colour into the \'color\' macro: {color:blue}blue{color}, {color:orange}orange{color},\n{color:green}green{color}, {color:red}red{color}, {color:purple}purple{color}, etc.\n\nor you can specify a RGB value in {color:#33cccc}hexadecimal{color}.\n{code}\nYou can specify a colour simply by typing the name of the colour into the \'color\' macro: {color:blue}blue{color}, {color:orange}orange{color},\n{color:green}green{color}, {color:red}red{color}, {color:purple}purple{color}, etc.\n\nor you can specify a RGB value in {color:#33cccc}hexadecimal{color}.\n{code}\n\nh4. Lists\n\nLists can be bulleted or ordered by number:\n* Kinds of Markup\n** Text Effects\n** Headings\n** Text Breaks\n** Links\n** Other\n\n* Kinds of Markup\n*# Text Effects\n*# Headings\n*# Text Breaks\n*# Links\n*# Other\n\n{code}\n* Kinds of Markup\n** Text Effects\n** Headings\n** Text Breaks\n** Links\n** Other\n\n* Kinds of Markup\n*# Text Effects\n*# Headings\n*# Text Breaks\n*# Links\n*# Other\n{code}\n\nh4. Tables\n\nUse the pipe character to build tables quickly:\n|| Name || Office ||\n| Alice | 01 |\n| Bob | 23 |\n| Cathy | 45 |\n{code}\n||  Name  || Office ||\n|  Alice  |   01    |\n|   Bob   |   23    |\n|  Cathy  |   45    |\n{code}\n{column}\n{column}\n{info:icon=false}\nConfluence Markup is easy to learn and quick to use. At left you will find a quick overview of markup, but not a comprehensive one. It is enough to get you started. For further details, please visit the online documentation for [Confluence Markup|http://confluence.atlassian.com/x/CyEC].\n\nFor those who prefer it, Confluence also provides a [WYSIWYG editor|http://confluence.atlassian.com/x/3RUC].&nbsp;\n\n(/) When editing in Wiki Markup mode, look at the full notational guide on the lower right-hand side of the page for quick tips on how to insert headings, lists, tables, and so on.\n{info}\n{column}\n{section}',32772),(163921,'{section}\n{column:width=60%}{excerpt}\nRSS is generally used to notify others of the latest news and updates to a site. Confluence reads incoming RSS and creates outgoing RSS. It allows you to stay informed of the latest current affairs of others and allows you to tell them of your own.{excerpt}\n\nh3. Displaying RSS from other sites\n\nIf another site publishes an RSS feed, you can include its contents in a Confluence page by including the [\'RSS\' macro|http://confluence.atlassian.com/x/pyAC] in the page.\n\nE.g. Here is the macro code for displaying an RSS feed published by the BBC:\n{code}\n{rss:url=[http://www.bbc.co.uk/syndication/feeds/news/ukfs_news/world/rss091.xml]|max=5}\n{code}\nThe above code gives the following output:\n{rss:url=http://www.bbc.co.uk/syndication/feeds/news/ukfs_news/world/rss091.xml|max=5}\n\n(i) Did the above feed display an error message? Your Confluence administrator needs to enable the RSS feed macro, and to add the BBC to the whitelist of allowed URLs.\n\nh3. Subscribing to Confluence updates via RSS\n\nConfluence also produces RSS that you can subscribe to (using an RSS Newsreader) in order to receive notifications of new or updated content on your Confluence site.\n\nConfluence automatically generates RSS feeds for\n* New blog posts\n* New pages\n* Updated pages\n* New comments on pages and/or blog posts\n\nThere are two easy ways to subscribe to Confluence\'s RSS feeds:\n# Confluence provides a number of pre-defined RSS feeds for each space. You can find these by selecting \'*Browse*\', \'*Advanced*\', \'*RSS*\'.\n# An RSS Feed Builder is also available, should you wish to create a custom feed. Please see the [documentation|http://confluence.atlassian.com/x/OxcC] for details.\n{column}\n{column}\n{info:icon=false}\nIn Confluence, you can both display and subscribe to RSS feeds.\n\n*Displaying RSS Feeds*\nBy embedding outside RSS feeds into your Confluence pages, you can automatically display the latest news from sources outside Confluence.\n\n*Subscribing to RSS Feeds*\nBy subscribing to RSS feeds generated by Confluence, you can stay automatically informed of changes and updates going on within your Confluence site.\n\nAt left is a quick introduction to the use of RSS in Confluence. For more information please visit the [documentation|http://confluence.atlassian.com/x/tyAC].\n{info}\n{column}\n{section}',32779),(163922,'{section}\n{column:width=60%}{excerpt}Confluence can search content including pages, blog posts, emails, Microsoft Word documents and Excel spreadsheets, PDF documents, and more.{excerpt}\n\\\\\n\\\\\n\nAs well as using the search box at the top right of every Confluence page for ad hoc searches, you can use the \'[Search\' macro|http://confluence.atlassian.com/x/9yAC] to embed particular search results in a particular page.\n\\\\\n\nE.g. you could use the following code to find content that contains the word \'tutorial\':&nbsp;\n{code}\n{search:tutorial}\n{code}\n... giving this:\n\\\\\n{search:tutorial}\n{column}\n{column}\n{info:icon=false}\nThe Confluence search engine is based on [Lucene|http://jakarta.apache.org/lucene]. It begins working as soon as you install Confluence and can build search indices on a wide range of document types: blogs, pages, comments, attachments, etc.\n\nFor more information about performing a search on your Confluence content, please see the [documentation|http://confluence.atlassian.com/x/CCEC].&nbsp;\n{info}\n{column}\n{section}',32780),(163923,'{section}\n{column:width=60%}{excerpt}\nThe \'tasklist\' macro allows you to create lists of tasks which need to be performed and keep track of who has completed them.{excerpt}\n{tasklist:Things to do}\nMary to preview her presentation with the team\nTony to call meeting with investors\nTony to book catering\nMary to finalise presentation with Steve\nEveryone relax before presentation\n{tasklist}\nThe data for the task list is stored in the Confluence page. Most people will find it easier to add or modify tasks while viewing the page. But if you want to edit or even create the task list directly, you can do so by editing the page itself. Here is an example, showing the Wiki Markup for the above task list:\n{noformat}\n{tasklist:Things to do}\nMary to preview her presentation with the team\nTony to call meeting with investors\nTony to book catering\nMary to finalise presentation with Steve\nEveryone relax before presentation\n{tasklist}\n{noformat}\n{column}\n{column}\n{info:icon=false}\nFor more information about the \'tasklist\' macro, please see the [documentation|http://confluence.atlassian.com/x/LiEC].\n{info}\n{column}\n{section}',32783),(163924,'{section}\n{column:width=60%}{excerpt}\nThe \'code\' macro is a useful way of presenting source code in an easy-to-read format on your Confluence pages. Its use is very straightforward: simply enclose your source code between \\{code\\} elements.\n\nHere are some examples:{excerpt}\n\nh4. XML\n\n{noformat}\n{code:XML}\n<test>\n    <another tag=\"attribute\"/>\n</test>\n{code}\n{noformat}\ngives\n{code:XML}\n<test>\n    <another tag=\"attribute\"/>\n</test>\n{code}\n\nh4. SQL\n\n{noformat}\n{code:SQL}\nSELECT * FROM TABLE1 WHERE ID=0 AND NAME NOT IN (SELECT NAME FROM NAMES)\n{code}\n{noformat}\ngives\n{code:SQL}\nSELECT * FROM TABLE1 WHERE ID=0 AND NAME NOT IN (SELECT NAME FROM NAMES)\n{code}\n\nh4. Java\n\n{noformat}\n{code:Java}\npackage com.atlassian.confluence.admin.actions.macros;\n\nimport com.atlassian.confluence.renderer.UserMacroLibrary;\n\npublic class UserMacroBean\n{\n    String name;\n    String template;\n\n    public UserMacroBean()\n    {\n    }\n\n    public UserMacroBean(String name, UserMacroLibrary userMacroLibrary)\n    {\n        this.name = name;\n        this.template = userMacroLibrary.getMacroTemplate(name);\n    }\n\n    public String getName()\n    {\n        return name;\n    }\n\n    public void setName(String name)\n    {\n        this.name = name;\n    }\n\n    public String getTemplate()\n    {\n        return template;\n    }\n\n    public void setTemplate(String template)\n    {\n        this.template = template;\n    }\n}\n{code}\n{noformat}\ngives\n{code:Java}\npackage com.atlassian.confluence.admin.actions.macros;\n\nimport com.atlassian.confluence.renderer.UserMacroLibrary;\n\npublic class UserMacroBean\n{\n    String name;\n    String template;\n\n    public UserMacroBean()\n    {\n    }\n\n    public UserMacroBean(String name, UserMacroLibrary userMacroLibrary)\n    {\n        this.name = name;\n        this.template = userMacroLibrary.getMacroTemplate(name);\n    }\n\n    public String getName()\n    {\n        return name;\n    }\n\n    public void setName(String name)\n    {\n        this.name = name;\n    }\n\n    public String getTemplate()\n    {\n        return template;\n    }\n\n    public void setTemplate(String template)\n    {\n        this.template = template;\n    }\n}\n{code}\n{column}\n{column}\n{info:icon=false}\nFor more information about the \'code\' macro, please see the [documentation|http://confluence.atlassian.com/x/fiAC].\n{info}\n{column}\n{section}',32782),(163925,'{section}\n{column:width=60%}{excerpt}Images look very effective when included within Confluence. Confluence allows you to easily display images as thumbnails, i.e. miniature images. {excerpt}.\n\nh4. Including single images and displaying them as thumbnails\n\nWhen you insert an image onto a page, you can choose to display it as a thumbnail.\n\nOnce the image has been inserted, here is what the Wiki Markup looks like:\n{code}\n!wikipatterns.png|thumbnail!\n{code}\n&nbsp;... and here is what the thumbnail image looks like:\n\n!wikipatterns.png|thumbnail!\n\nThe thumbnail displays a smaller version than would otherwise be presented if we showed the whole image. Try clicking the image to see the full size.\n\nh4. Using the \'gallery\' macro\n\nThe Confluence \'gallery\' macro allows you to display a gallery of thumbnails. It is very simple to use and automatically presents all images attached to a page, in a tabular format. For example, this code:\n{code}\n{gallery:title=Atlassian T-shirts}\n{gallery}\n{code}\ngives this:\n{gallery:title=Atlassian T-shirts}\n{gallery}\n(/) Try clicking one of the images above. It will open a slide show where you can browse through the pictures.\n{column}\n{column}\n{info:icon=false}\nYou can read more about the \'gallery\' macro in the [documentation|http://confluence.atlassian.com/x/qiAC].\n{info}\n{column}\n{section}',32784),(163926,'{section}\n{column:width=60%}This page shows an example of the \'index\' macro.\n\nh1. Macro code\n\nThe next section on this page, under the heading \'Macro result\', contains the following macro code:\n{code}\n{index}\n{code}\n\nh1. Macro result\n\n{index}\n{column}\n{column}\n{info:icon=false}\nThe example at left shows how to create an index based on page titles.\n\nAlternatively, you may want to use [labels|http://confluence.atlassian.com/x/4xQC] to create an index. Once you have tagged your pages with appropriate labels, you can simply link to the space\'s \'Labels\' page (\'Browse\', \'Labels\') to display an index.\n{info}\n{column}\n{section}',32787),(163927,'[!_Images^btn_previous.png!|Planned Feature Specifications] \n{tip:icon=none}Writing a product specification requires input and feedback from many different people. With Confluence, product managers, engineers and technical writers can make their changes or comments directly in the product specification page. With version control, users can always see who contributed to the page and undo any edits regardless of when they were made. To get the most from this page, we suggest you:\n\\\\\n\\\\\n*1.* *[Comment|Adding a comment to a page]* *on this page* to let your team members know what you think about the Quick Navigation product specification.\n*2. Edit this page and save your change. Then revert back to the previous version.* Go into the \"tools\" menu and choose _history_. Then choose _restore this version_ on a previous version of the page.\n\\\\\n{tip}\n\n!QuickNav.png|align=right!\n\nh3. Goal\n{excerpt}\nUser can quickly and simply navigate to a page, person, space, or attachment via title.\n{excerpt}\n\nh3. Use Cases\n\nUser\n# Sees results in a panel below Quicksearch as they start typing. Sees instantaneous results. Selects a result to go to that page.\n# Can use keyboard to select results.\n# Sees results are in categories. 5 results max shown for pages and news together, 2 results for attachments, 3 results for people, and 2 results for space in that order.\n# Titles that are too long, are truncated.\n# Sees page and news results icon, and title only. For person, profile picture and name. For space, icon and name. No descriptions shown for anything.\n# Uses a link down the bottom linking to a full search so that keyboard users can execute search: \'Search All\' with icon.\n# Sees part of the title that is matched by the search term in bold.\n# Appear in the page search in the Add Links\n\nh3. Questions\n\n# See the initial design meeting minutes and second meeting.\n# Pages and news mixed in together as one category? Why separate them? How would we do a combined \'News and Page\' more search?\n# Multiple word searches (e.g. \'meeting min_\') results aren\'t ordered (i.e. results can be \'*{+}min{+}{*}{+}imum+ *{+}meetings{+}*\', \'*{+}meeting{+}* *{+}min{+}{*}utes\', \'*{+}meeting{+}* room *{+}min{+}{*}utes\').\n\\\\\n\n[!_Images^btn_previous.png!|Planned Feature Specifications] \n\\\\\n\\\\\n{warning:title=Warning: Sample Content}This is sample content that comes included with Confluence for the purposes of demonstrating how the product can be used.{warning} ',32813),(163928,'[!_Images^btn_previous.png!|Planned Feature Specifications] [!_Images^btn_next.png|align=right!|Confluence Induction]\n\n\n{tip:icon=none}The Confluence team uses tables to communicate scheduled leave times, an imperative part of resource planning and project management.\n* *[Edit|Using the menus]* *this page and add your vacation plans to the table.* Try using wiki markup to do it.\n* The form on the right of this page was created using the [Wufoo HTML Form Builder|http://wufoo.com/]. Try filling out the form or [learn how|http://blogs.atlassian.com/news/2009/05/confluence_wufo.html] to create a one for yourself.{tip}\n\\\\\n{info:title=This page summarises leave of Confluence team members. It is not a replacement for the normal leave process. To get leave approved, you must first complete the form on the right of this page.}\n{info}\n{section}\n{column:width=50%}\n| (/) | Terry Johnson | 14/9 - 24/9 (Holiday), 4/10 - 12/10 (Personal) |\n| (/) | Ben Wilson | 28/8 - 17/9 |\n| (/) | Evan Booth | 8-15/10 |\n| (/) | Rudy Snow | 26/10 - 2/11 (annual leave) |\n| (/) | Mark Giles | 5/11 - 16/11 |\n| (/) | Judd Nelson | 23/11 - 11/12 |\n| (/) | Meredith Romano | 6/12 - 26/12 |\n| (/) | Patrick Norton | 18/12 - 4/1. Working remotely for two days somewhere in between, and check my mail daily. |\n| (/) | Arnold Kasper | 24/12 - 2/1 |\n| (/) | Ryan Forman | 24/12, 31/12 |\n| (/) | Michelle Longley | 27,28,31 DEC |\n| (/) | Donna Willis | 31/12 - 2/1 |\n| (/) | Ben Wilson | 4/1+7/1, 17+18+21/1 |\n| (/) | Evan Booth | 25/1 |\n| (/) | Michelle Longley | 29/1 - 1/2 |\n| (/) | Terry Johnson | 1,4,5/2 |\n| (/) | Ryan Forman | 15+18/2 |\n| (/) | Patrick Norton | 20/3 |\n| (/) | Daniel Kim | Thu 27th March to Wed 16th April |\n| (/) | Donna Willis | 11/4/8 - 14/4/8 (very long weekend) |\n| (/) | Meredith Romano | 29/4 |\n| (/) | Patrick Norton | 2/5 |\n| (/) | Ben Wilson | 22/5/08 |\n| (/) | Michelle Longley | 28/5/08 |\n| (/) | Chaz Gilbert | 2/7 - 23/7 |\n| (/) | Patrick Norton | 6/6 & 10/6 |\n| (y) | Patrick Norton | 28 July |\n| (?) | Arnold Kasper | up to three weeks in June/July |\n| (y) | Michelle Longley | 4-8 August |\n| (y) | Terry Johnson | 3-15 September |\n| (?) | Niles Tandem | 11-17 September |\n| (y) | Tom Zebrowski | 15 September \\-> 03 October 2008 |\n| (?) | Ben Wilson | 6 Oct - 20 Oct |\n| (y) | Scott Sampson | 15 August 2008 |\n| (y) | Chaz Gilbert | 3 November 2008 - 2 December 2008 |\n| (?) | Nolan Matthews | 9 February - 20 February 2009 |\n{column}\n{column:width=1%}\n{column}\n{column:width=49%}\n{panel:borderWidth=3|bgColor=white}{widget:url=http://atlassian.wufoo.com/forms/leave-request/|height=700}{panel}\n{column}\n{section}\n\\\\\n\\\\\n[!_Images^btn_previous.png!|Planned Feature Specifications] [!_Images^btn_next.png|align=right!|Confluence Induction]\\\\\n\\\\\n{warning:title=Warning: Sample Content}This is sample content that comes included with Confluence for the purposes of demonstrating how the product can be used.{warning}',32818),(163929,'[!_Images^btn_previous.png!|Leave Planning]  [!_Images^btn_next.png|align=right!|Examples]\n\\\\\n\\\\\n{tip:icon=none}Confluence can help development teams get new new members up to speed quickly so that they\'re fixing bugs sooner and detracting less from highly productive members.\n\\\\\n* *Add a new child* *[page|Creating a page]* *to this page* by going to the _Add_ menu and selecting _Page_. Then look for the child page in the *Children* section at the bottom of this page.{tip}\n\n{note}This induction handbook follows on from the Global Induction. Please also review the [New Employee Checklist|Confluence Induction] first before proceeding.{note}\n{section}\n{column:width=50%}\n\n{panel:borderWidth=3}\nh3. Induction\n\nCongratulations, you have been chosen to become a part of the Confluence team\\! How exciting is that?\n\nOn second thoughts, don\'t answer that.\n\nBy now you should have a desk, a chair and a computer running your operating system of choice. If you don\'t, grab somebody because you\'ve missed the first couple of stages of your induction. Otherwise, make sure you are sitting comfortably and we\'ll continue.\n{note:title=Ergonomics Warning}\nIf you are not sitting comfortably, please sign an occupational health and safety claims waiver form immediately.\n{note}\n\nh3. About The Confluence Development Team\n\nThe Confluence Development Team is responsible for the development of Confluence, the enterprise wiki. Imagine a gigantic funnel. Thousands of feature and improvement suggestions and bug reports pour into the top, and a top quality enterprise wiki comes out at the bottom. You\'re sitting in the middle.\n\nh3. Administrivia\n\n*What hours do I need to work?*\n\nYou are contracted to work an 8.5 hour day, including one hour for lunch. We\'re pretty relaxed about when you start and finish work each day, so long as you:\n* put in the hours\n* show up for scheduled meetings (including the daily 10am stand-up)\n* let your team leader know in advance if you\'re going to be gone at some time you\'d normally be expected to be around\n\nWe also do a lot of pair-programming, so if you know you\'re working with a pair and one of you habitually works 8-5 and the other 10-7, you should probably work it out between yourselves to show up at the office at the same time.\n\nProcedures for sick leave and annual leave should already have been explained to you as part of your company induction.\n\nh3. Confluence Resources/Bookmarks\n\nThe Confluence team uses many different resources and tools to go about their various functions including:\n# Staff Contact List - photos and contact information of all Atlassian staff\n# The CONFDEV space\n# The [documentation|http://confluence.atlassian.com/display/DOC], [discussion|http://confluence.atlassian.com/display/DISC] and [extensions|http://confluence.atlassian.com/display/CONFEXT] spaces on confluence.atlassian.com\n# [*Charles\' Poker Corner*|http://confluence.atlassian.com/display/~cmiller/Poker+Corner] -- explains where half the team vanishes to on Friday lunchtimes\n# The Communication Methods page contains some RSS feeds you should subscribe to, including the Atlassian del.icio.us feeds.\n{panel}\n{column}\n{column:width=50%}\n{panel:borderWidth=3}\nh3. Configure Confluence Systems\n\nAs part of your induction, you should have received logins for all the various Atlassian systems. Now would be a good idea to check them out:\n* [http://confluence.atlassian.com] -- check this out particularly.\n* [http://jira.atlassian.com]\n* cvs.atlassian.com (And [Fisheye|http://resches.sydney.atlassian.com:8181/viewrep/AtlassianCVS])\n* svn.atlassian.com (And [Public Fisheye|http://svn.atlassian.com/fisheye/viewrep/public])\n* [Bamboo on keg.sydney.atlassian.com|http://keg.sydney.atlassian.com:8080/bamboo/] (Unit test CI)\n* [Bamboo on panda.sydney.altassian.com|http://panda.sydney.atlassian.com:8080/bamboo/] (Functional test CI)\n\n* \\\\RESCHES\\DEVFILES (including the vitally important {{entertainment}} directory)\n\nh3. What Do I Do Now?\n\nh4. Set up your development environment\n\nRead our \'*Setting Up a Confluence Development Environment*\' instructions, which show you how to grab Confluence from version control and get it compiled and running inside IDEA.\n\nYour first important task at Atlassian is to help us maintain this document. Anywhere you find it unclear or inaccurate, ask a nearby developer what you should be doing then _fix the wiki page_.\n\nh4. Set up other parts of your computer\n\nYou may want to install OpenOffice (or NeoOffice if you are on a Mac, which can be found on DEVFILES\\software\\apple) in order to be able to view DOC and XLS files sent to you by random people.\n\nh4. Learn More about Confluence\n\nOnce you have Confluence installed, play with it. Look at the source code. Read [the documentation|http://confluence.atlassian.com/display/DOC]. Get a feel for the bugs and feature requests in [JIRA|http://jira.atlassian.com]. Get more familiar with the core Open Source components of Confluence, especially [Hibernate|http://www.hibernate.org], [Spring|http://www.springframework.org] and [Lucene|http://lucene.apache.org]\n\nh3. The First Few Weeks\n\nConfluence is a reasonably big codebase, and the nature of the application is such that there are a lot of different subsystems with complex interdependencies. As a result, it can be a little hard to get into. We\'ve found the best way to get started is to fix bugs: they\'re isolated, well-defined problems with a clear point of completion.\n\nWhen your confidence grows, you\'ll be eased into bigger things.\n\nYou might also be curious to read our \'*The Confluence Development Process*\' document to find out how we develop software.\n{panel}\n{column}\n{section}\n\\\\\n\\\\\n[!_Images^btn_previous.png!|Leave Planning]  [!_Images^btn_next.png|align=right!|Examples]\n\\\\\n\\\\\n{warning:title=Warning: Sample Content}This is sample content that comes included with Confluence for the purposes of demonstrating how the product can be used.{warning}',32815),(163930,'[!_Images^btn_previous.png!|Confluence 3.3 Release Dashboard]  [!_Images^btn_next.png|align=right!|Leave Planning]\n{tip:icon=non}\nUse Confluence to create and collaborate on product specification documents.\n* *Click into the* *{_}Quick Navigation Spec{_}* *link below* to see how the Confluence team writes a basic feature specification.\n* *Add a label to this page.* Scroll down to the _labels_ section on this page and add a label. Then go into the _browse_ menu and choose _labels_ to see all the labels used in this space.\n{tip}\nh3. Confluence 3.1 Feature Specifications\n\n{children:excerpt=true}\n\\\\\n\\\\\n\n[!_Images^btn_previous.png!|Confluence 3.3 Release Dashboard]  [!_Images^btn_next.png|align=right!|Leave Planning]\n\\\\\n\\\\\n{warning:title=Warning: Sample Content}This is sample content that comes included with Confluence for the purposes of demonstrating how the product can be used.\n{warning}',32816),(163931,'[!_Images^btn_previous.png!|Examples]  [!_Images^btn_next.png|align=right!|Confluence Roadmap]\n\\\\\n\\\\\n{tip:icon=none}The Confluence Development Team at Atlassian uses Confluence to induct new members, collaborate on feature specifications and hit key milestones on time.\n* *Click into each of the links in the yellow box below* to see more.\n* *Comment on one of the blog posts below.* First click the blog post title, to open it in its own page. See [Adding a comment to a page|Adding a comment to a page].{tip}\n{section}\n{column:width=50%}\n{panel:title=|borderStyle=dashed| borderColor=#ccc| titleBGColor=#F7D6C1| bgColor=#C3D9FF| height=300px}\n\nh4. Quick Links\n* h6. [Confluence Roadmap]\n* h6. [Confluence 3.3 Release Dashboard]\n* h6. [Planned Feature Specifications]\n* h6. [Leave Planning]\n* h6. [Confluence Induction]\n{panel}\n{panel:borderStyle=dashed| borderColor=#ccc|titleBGColor=#F7D6C1|height=300px}\n\nh4. Dev Team Blog\n{recently-updated:labels=dev|theme=social}\n\\\\\n{panel}\n{column}\n{column:width=50%}\n\nh4. Release status\n{excerpt-include:Confluence 3.1 Release Dashboard|nopanel=true}\n{column}\n{section}\n[!_Images^btn_previous.png!|Examples]  [!_Images^btn_next.png|align=right!|Confluence Roadmap]\n\\\\\n\\\\\n{warning:title=Warning: Sample Content}This is sample content that comes included with Confluence for the purposes of demonstrating how the product can be used.\n{warning}',32819),(163932,'[!_Images^btn_previous.png!|Confluence Roadmap] [!_Images^btn_next.png|align=right!|Planned Feature Specifications]\\\\\n\\\\\n{tip:icon=false}The Confluence Development Team always knows its status relative to plan. At the end of each week, the team updates the issues table below to show which issues were addressed and which ones carried over. The team also uses the \\{chart} macro to create a [burndown chart|http://en.wikipedia.org/wiki/Burn_down_chart] showing how much work is left relative to how much time is left.\n* *[Edit|Using the menus]* *this page and change one of the numbers in the chart.* Save or preview the page to see your changes.\n* *[Edit|Using the menus]* *this page and update the status one of the rows* by (like \"quick-nav: selenium testing\") by adding a (/) to the status column.{tip}\n{toc}\n{panel:borderWidth=2}\n\nh1. Burndown chart\n\nThe following graph provides a rough status on the progress of the Confluence team.\n{excerpt}\n{chart:type=line|width=700|yLabel=Remaining (Estimated Days)}\n|| || 1 || 2 || 3 || 4 || 5 || 6 || 7 || 8 || 9 || 10 ||\n| Confluence 3.3 | 23 | 21 | 16.5 | 14 | 13 | 11.5 | 9.5 | 8 | 9 | 7.25 |\n{chart}\n{excerpt}\n{panel}\n{panel:borderWidth=2}\n\nh1. Rules for how to update the release dashboard\n\nSteps that need to be done at the end of an iteration\n* Tasks that were finished get ticked off with a (/) and remain where they are.\n* Tasks that have been started but not finished get moved to the next iteration. No estimates are changed, and in the comment field a text is added \"carried over from previous x weeks\".\n* Tasks that were planned but not even started get moved to next iteration without comment.\n* Velocity of previous iteration *may* be calculated and added, but only based on finished tasks, no matter how close unfinished tasks were to completion\n* New unplanned work is added to the new iteration and marked in blue. cards that simply took longer than expected don\'t get any colour-coding.\n* The \"remaining estimated work\" number from previous iteration remains unchanged.\n* \"Remaining estimated work\" for the new iteration (including the backlog) is calculated based on the original estimates, and includes unplanned added work. So even a 2d-task that is considered 90% done will show up as 2d in the new iteration. The new iteration may exceed the previous velocity since we assume that there just remain 10%. But for the \"remaining estimated work\" the two days will be used.\n* If the sum of all remaining work is larger than the original budget, some tasks at the end have to be declared as \"won\'t fix\" and greyed out. Their estimates are no longer counted for the remaining work.\n{panel}\n3.3 is estimated to be a 3 month release, manned by a 2 person team (with one person doing part time bug fixing). Accounting for 1 week of sick or holiday leave, we have a feature budget of *14u* (11 iterations).\n|| Iteration || Week 1: 30/JUL \\\\ || Estimate \\\\ || Remaining at very start of release cycle: 23 \\\\ ||\n| 1 | {color:#0000ff}Discovery feature breakdown{color} \\\\ | 1u \\\\ | (/)\\\\ |\n| | Remove SearchService \\\\ | 1u \\\\ | (/) \\\\ |\n| | Investigate/rework did-you-mean indexing \\\\ | 1u \\\\ | (/) \\\\ |\n| | {color:#0000ff}Deploy RC1 to QA and Production{color} \\\\ | 1u \\\\ | (/) \\\\ |\n|| || Week 2: 6AUG \\\\ || 4u \\\\ || Velocity: 4u. Remaining: 21 \\\\ ||\n| 2 | Make author filter work for external users ([CONF-10769|http://jira.atlassian.com/browse/CONF-10769] ) | 2u \\\\ | (/)\\\\\n&nbsp; \\\\ |\n| | {color:#0000ff}Quick search by page title task breakdown{color} | 1u \\\\ | (/) |\n| | {color:#0000ff}Respond to Did-You-Mean review feedback{color} \\\\ | 1u \\\\ | (/) |\n| | Add author filter to people directory \\\\ | 1u \\\\ | Decided to discontinue work on card after 0.5u investigation. \\\\ |\n|| || Week 3: 13/AUG \\\\ || 4u \\\\ || Velocity: 5u. Remaining:&nbsp; 16.5u \\\\ ||\n| 3 | Make author filter work for hosted | 2u \\\\ | (/) \\\\ |\n| | {color:#0000ff}Fix archiva with James{color} \\\\ | 0.5u \\\\ | (/) \\\\ |\n| {color:#0000ff}&nbsp;{color} | {color:#0000ff}Discovery planning{color} \\\\ | \\\\ | (/) \\\\ |\n| {color:#0000ff}&nbsp;{color} | {color:#0000ff}Code reviews&nbsp;{color} | \\\\ | (/) \\\\ |\n|| || Week 4: 20/AUG \\\\ || 4.5u || Velocity: 2.5u. Remaining: 14u \\\\ ||\n| 4 | quick-search-by-title: Add lucene index fields | 1u | |\n|| || Week 5: 27/AUG \\\\ || 1u || Velocity: 1u. Remaining: 13u \\\\ ||\n| | did-you-mean: merge to trunk&nbsp;&nbsp; \\\\ | 0.5u | (/) |\n| | did-you-mean: run clover and add tests \\\\ | 1u | (/) |\n|| || Week 6: 3/SEP \\\\ || 1.5u || Velocity: 1.5u. Remaining: 11.5u \\\\ ||\n| | {color:#000000}quick-search-by-title: backend{color} \\\\ | 2u | (/) {color:#ff6600}Carried over twice from previous iteration, took longer than expected{color}\\\\ |\n|| || Week 7: 10/SEP \\\\ || 2u || Velocity: 2u. Remaining: 9.5u \\\\ ||\n| | quick-search-by-title: JSON \\\\ | 0.5u | (/) {color:#ff6600}Carried over from previous iteration{color}\\\\ |\n| | quick-search-by-title: UI Integration \\\\ | 1u | (/) {color:#ff6600}Carried over from previous iteration{color} \\\\ |\n| | search-visuals: clean up display of individual results | 2u \\\\ | (/) |\n|| || Week 8: 10/SEP \\\\ || 3.5u || Velocity: 3.5u. Remaining: 8u \\\\ ||\n| | {color:#0000ff}quick-nav: bug fixes (unicode, themes, highlighting){color} \\\\ | 1u | (/) |\n|| || Week 9: 17/SEP \\\\ || 1u || Velocity: 1u. Remaining: 11u \\\\ ||\n| | {color:#0000ff}quick-nav: selenium testing{color} \\\\ | 1u \\\\ | |\n| | search-visuals: Add people thumbnails to search results | 1u \\\\ | |\n|| || Week 10: 24/SEP \\\\ || 2u || \\\\ ||\n| | {color:#0000ff}did-you-mean: indexing issues ({color}{color:#0000ff}[CONF-12943|http://jira.atlassian.com/browse/CONF-12943]{color}{color:#0000ff}){color} \\\\ | 1u \\\\ | |\n|| || Week 11: 6/OCT \\\\ || 1u || \\\\ ||\n| | quick-search-by-title: Advanced JS component\n* IE bug ([CONF-13158|http://jira.atlassian.com/browse/CONF-13158])\n* density and organisation\n* Caching issues | 3u \\\\ | \\\\ |\n| | {color:#0000ff}quick-nav: performance testing&nbsp;{color} | 1u \\\\ | \\\\ |\n| | {color:#0000ff}quick-nav: Timouts ({color}{color:#0000ff}[CONF-13062|http://jira.atlassian.com/browse/CONF-13062]{color}{color:#0000ff}){color} \\\\ | 1u \\\\ | \\\\ |\n|| || Week 12: 13/OCT \\\\ || 4u || \\\\ ||\n| | OpenSearch plugin (advertisement only) \\\\ | 0.5u \\\\ | |\n| | {color:#0000ff}quick-nav: Document for custom layouts ({color}{color:#0000ff}[CONF-13073|http://jira.atlassian.com/browse/CONF-13073]{color}{color:#0000ff}){color} \\\\ | 0.25u \\\\ | |\n|| || Week 13: 20/OCT \\\\ || 0.75u || \\\\ ||\n\nh1. Dropped from release\n\n| | {color:#0000ff}quick-nav: relevancy: boost by favourites{color} \\\\ | 2u \\\\ | (not counted for remaining estimate, since originally unplanned and not in current plan anymore) \\\\ |\n| | search-visuals: Adjust number of results per page \\\\ | 1u \\\\ | |\n| | Change default space content | 0.5u \\\\ | |\n| | {color:#0000ff}did-you-mean: auto-enable for english customers (CONF-13209){color} \\\\ | 1u \\\\ | |\n\\\\\n[!_Images^btn_previous.png!|Confluence Roadmap] [!_Images^btn_next.png|align=right!|Planned Feature Specifications]\\\\\n\\\\\n{warning:title=Warning: Sample Content}This is sample content that comes included with Confluence for the purposes of demonstrating how the product can be used.{warning}',32817),(163933,'{tip:icon=none}Users can customize their personal spaces to express themselves and let their teammates know what they\'re working on.\n* *Click on one of the vacation photos [image gallery|Creating a thumbnail gallery] below to view a slideshow*\n* *Update your own [personal space|Updating your user profile]* by borrowing ideas from this page{tip}\n\nh3. Welcome to my personal space!\n{section}\n{column:width=5%}\n!Example Sales Team Page^JoshWold_StaffPic.jpg|align=left!\n{column}\n{column:width=47%}\n{panel:title=About Me}\nI graduated from UC Davis with a double major in English and Computer Science. I\'ve been at Atlassian since January 2006. I currently live in the Mission neighborhood in San Francisco and try to ride my bike into the office every day. I\'m always up for a good bike ride after work if anyone ever wants to join. In my younger years, I did done all sorts of cool stuff, like camp counselor, afterschool teacher, that kind of thing. In 2004, I spent 8 months back-packing around Europe with my wife. That was great fun, but also hard work. Washing your clothes in the sink can be interesting. Here are some photos from that trip.\n\\\\\n\\\\\nI\'m a huge gamer. Boardgames, card games, computer games, console games, anything games. Heck, I\'ll go ahead and set up my own pages on games later. No need to bore you folks with long and huge descriptions of gaming stuff...yet.\n\\\\\n\\\\\nFinally, I do a bit of amateur photography (for those of you who are also photogs, I\'m a Nikon shooter. Digital/Film, though mostly Digital.). Here are some photos I took on my last vacation.\n\\\\\n{gallery:title=My recent trip to Sydney|columns=2}\n{panel}\n{column}\n{column:width=47%}\n{panel:title=What Stuff}\nh3. My Active Projects\n* Sales Process Redesign\n* Updating Product Collateral\n* Annual Reviews\n\nh3. I\'m an expert on\n* Confluence\n* Jira\n* Salesforce.com\n* Sales\n\n{panel}\n{panel:title=My Blog}\n{blog-posts:5|labels=josh|content=excerpts} \n{panel}\n{column}\n{section}\n\\\\\n\\\\\n[!_Images^btn_previous.png!|Team Blog]\n\\\\\n\\\\\n{warning:title=Warning: Sample Content}This is sample content that comes included with Confluence for the purposes of demonstrating how the product can be used.{warning}',32809),(163934,'An example of a Confluence space with a tutorial and sample content. ',32862),(163935,'',32863),(163936,'(THIS SPACE TO BE SHIPPED WITH CONFLUENCE 2.10. Please do not add or change content unless it should be included in the release.) An example of a Confluence space with a tutorial and sample content. ',32866),(163937,'An example of a Confluence space with a tutorial and sample content. (THIS SPACE WILL BE SHIPPED WITH CONFLUENCE 2.10. Please do not add or change content unless it should be included in the release.)',32864),(163938,'An example of a Confluence space with a tutorial and sample content.',32865),(163939,'',32867);
/*!40000 ALTER TABLE `BODYCONTENT` ENABLE KEYS */;
UNLOCK TABLES;

--
-- Table structure for table `CLUSTERSAFETY`
--

DROP TABLE IF EXISTS `CLUSTERSAFETY`;
SET @saved_cs_client     = @@character_set_client;
SET character_set_client = utf8;
CREATE TABLE `CLUSTERSAFETY` (
  `CLUSTERSAFETYID` bigint(20) NOT NULL,
  `SAFETYNUMBER` int(11) default NULL,
  PRIMARY KEY  (`CLUSTERSAFETYID`)
) ENGINE=InnoDB DEFAULT CHARSET=latin1;
SET character_set_client = @saved_cs_client;

--
-- Dumping data for table `CLUSTERSAFETY`
--

LOCK TABLES `CLUSTERSAFETY` WRITE;
/*!40000 ALTER TABLE `CLUSTERSAFETY` DISABLE KEYS */;
INSERT INTO `CLUSTERSAFETY` VALUES (294913,1190575664);
/*!40000 ALTER TABLE `CLUSTERSAFETY` ENABLE KEYS */;
UNLOCK TABLES;

--
-- Table structure for table `CONFANCESTORS`
--

DROP TABLE IF EXISTS `CONFANCESTORS`;
SET @saved_cs_client     = @@character_set_client;
SET character_set_client = utf8;
CREATE TABLE `CONFANCESTORS` (
  `DESCENDENTID` bigint(20) NOT NULL,
  `ANCESTORID` bigint(20) NOT NULL,
  `ANCESTORPOSITION` int(11) NOT NULL,
  PRIMARY KEY  (`DESCENDENTID`,`ANCESTORPOSITION`),
  KEY `FK9494E23C37E35A2E` (`ANCESTORID`),
  CONSTRAINT `FK9494E23C37E35A2E` FOREIGN KEY (`ANCESTORID`) REFERENCES `CONTENT` (`CONTENTID`),
  CONSTRAINT `FK9494E23CC45E94DC` FOREIGN KEY (`DESCENDENTID`) REFERENCES `CONTENT` (`CONTENTID`)
) ENGINE=InnoDB DEFAULT CHARSET=latin1;
SET character_set_client = @saved_cs_client;

--
-- Dumping data for table `CONFANCESTORS`
--

LOCK TABLES `CONFANCESTORS` WRITE;
/*!40000 ALTER TABLE `CONFANCESTORS` DISABLE KEYS */;
INSERT INTO `CONFANCESTORS` VALUES (32771,32769,3),(32775,32769,3),(32776,32769,3),(32798,32781,1),(32846,32781,1),(32859,32781,1),(32794,32791,2),(32799,32791,2),(32800,32791,2),(32801,32791,2),(32769,32802,0),(32770,32802,0),(32771,32802,0),(32772,32802,0),(32773,32802,0),(32774,32802,0),(32775,32802,0),(32776,32802,0),(32777,32802,0),(32779,32802,0),(32780,32802,0),(32781,32802,0),(32782,32802,0),(32783,32802,0),(32784,32802,0),(32785,32802,0),(32787,32802,0),(32791,32802,0),(32792,32802,0),(32793,32802,0),(32794,32802,0),(32798,32802,0),(32799,32802,0),(32800,32802,0),(32801,32802,0),(32803,32802,0),(32804,32802,0),(32805,32802,0),(32806,32802,0),(32807,32802,0),(32808,32802,0),(32809,32802,0),(32810,32802,0),(32811,32802,0),(32812,32802,0),(32813,32802,0),(32814,32802,0),(32815,32802,0),(32816,32802,0),(32817,32802,0),(32818,32802,0),(32819,32802,0),(32820,32802,0),(32824,32802,0),(32827,32802,0),(32829,32802,0),(32830,32802,0),(32832,32802,0),(32834,32802,0),(32836,32802,0),(32837,32802,0),(32838,32802,0),(32842,32802,0),(32844,32802,0),(32846,32802,0),(32847,32802,0),(32848,32802,0),(32850,32802,0),(32851,32802,0),(32852,32802,0),(32856,32802,0),(32857,32802,0),(32859,32802,0),(32860,32802,0),(32770,32811,1),(32772,32811,1),(32773,32811,1),(32777,32811,1),(32779,32811,1),(32780,32811,1),(32782,32811,1),(32783,32811,1),(32784,32811,1),(32787,32811,1),(32814,32811,1),(32813,32816,3),(32857,32816,3),(32860,32816,3),(32769,32819,2),(32771,32819,2),(32775,32819,2),(32776,32819,2),(32813,32819,2),(32815,32819,2),(32816,32819,2),(32817,32819,2),(32818,32819,2),(32857,32819,2),(32860,32819,2),(32803,32820,1),(32804,32820,1),(32805,32820,1),(32806,32820,1),(32807,32820,1),(32808,32820,1),(32810,32820,1),(32812,32820,1),(32774,32827,2),(32793,32827,2),(32829,32827,2),(32832,32827,2),(32834,32827,2),(32836,32827,2),(32837,32827,2),(32838,32827,2),(32769,32830,1),(32771,32830,1),(32774,32830,1),(32775,32830,1),(32776,32830,1),(32791,32830,1),(32793,32830,1),(32794,32830,1),(32799,32830,1),(32800,32830,1),(32801,32830,1),(32809,32830,1),(32813,32830,1),(32815,32830,1),(32816,32830,1),(32817,32830,1),(32818,32830,1),(32819,32830,1),(32824,32830,1),(32827,32830,1),(32829,32830,1),(32832,32830,1),(32834,32830,1),(32836,32830,1),(32837,32830,1),(32838,32830,1),(32842,32830,1),(32844,32830,1),(32847,32830,1),(32848,32830,1),(32850,32830,1),(32851,32830,1),(32852,32830,1),(32857,32830,1),(32860,32830,1),(32786,32841,0),(32789,32841,0),(32790,32841,0),(32795,32841,0),(32796,32841,0),(32840,32841,0),(32845,32841,0),(32849,32841,0),(32853,32841,0),(32854,32841,0),(32855,32841,0),(32858,32841,0),(32861,32841,0),(32809,32844,2),(32824,32844,2),(32842,32844,2),(32847,32844,2),(32848,32844,2),(32850,32844,2),(32851,32844,2),(32852,32844,2),(32848,32850,3),(32851,32850,3),(32852,32850,3);
/*!40000 ALTER TABLE `CONFANCESTORS` ENABLE KEYS */;
UNLOCK TABLES;

--
-- Table structure for table `CONFVERSION`
--

DROP TABLE IF EXISTS `CONFVERSION`;
SET @saved_cs_client     = @@character_set_client;
SET character_set_client = utf8;
CREATE TABLE `CONFVERSION` (
  `CONFVERSIONID` bigint(20) NOT NULL,
  `BUILDNUMBER` int(11) NOT NULL,
  `INSTALLDATE` datetime default NULL,
  `VERSIONTAG` varchar(255) default NULL,
  `CREATIONDATE` datetime default NULL,
  `LASTMODDATE` datetime default NULL,
  PRIMARY KEY  (`CONFVERSIONID`),
  UNIQUE KEY `BUILDNUMBER` (`BUILDNUMBER`)
) ENGINE=InnoDB DEFAULT CHARSET=latin1;
SET character_set_client = @saved_cs_client;

--
-- Dumping data for table `CONFVERSION`
--

LOCK TABLES `CONFVERSION` WRITE;
/*!40000 ALTER TABLE `CONFVERSION` DISABLE KEYS */;
/*!40000 ALTER TABLE `CONFVERSION` ENABLE KEYS */;
UNLOCK TABLES;

--
-- Table structure for table `CONTENT`
--

DROP TABLE IF EXISTS `CONTENT`;
SET @saved_cs_client     = @@character_set_client;
SET character_set_client = utf8;
CREATE TABLE `CONTENT` (
  `CONTENTID` bigint(20) NOT NULL,
  `CONTENTTYPE` varchar(255) NOT NULL,
  `TITLE` varchar(255) default NULL,
  `VERSION` int(11) default NULL,
  `CREATOR` varchar(255) default NULL,
  `CREATIONDATE` datetime default NULL,
  `LASTMODIFIER` varchar(255) default NULL,
  `LASTMODDATE` datetime default NULL,
  `VERSIONCOMMENT` mediumtext,
  `PREVVER` bigint(20) default NULL,
  `CONTENT_STATUS` varchar(255) default NULL,
  `SPACEID` bigint(20) default NULL,
  `CHILD_POSITION` int(11) default NULL,
  `PARENTID` bigint(20) default NULL,
  `MESSAGEID` varchar(255) default NULL,
  `DRAFTPAGEID` varchar(255) default NULL,
  `DRAFTSPACEKEY` varchar(255) default NULL,
  `DRAFTTYPE` varchar(255) default NULL,
  `DRAFTPAGEVERSION` int(11) default NULL,
  `PAGEID` bigint(20) default NULL,
  `PARENTCOMMENTID` bigint(20) default NULL,
  `USERNAME` varchar(255) default NULL,
  PRIMARY KEY  (`CONTENTID`),
  KEY `c_parentid_idx` (`PARENTID`),
  KEY `c_spaceid_idx` (`SPACEID`),
  KEY `c_pageid_idx` (`PAGEID`),
  KEY `c_draftpageid_idx` (`DRAFTPAGEID`),
  KEY `c_messageid_idx` (`MESSAGEID`),
  KEY `c_title_idx` (`TITLE`),
  KEY `c_username_idx` (`USERNAME`),
  KEY `c_prevver_idx` (`PREVVER`),
  KEY `c_parentcommid_idx` (`PARENTCOMMENTID`),
  KEY `c_drafttype_idx` (`DRAFTTYPE`),
  KEY `c_contenttype_idx` (`CONTENTTYPE`),
  CONSTRAINT `FK6382C05917D4A070` FOREIGN KEY (`PREVVER`) REFERENCES `CONTENT` (`CONTENTID`),
  CONSTRAINT `FK6382C05974B18345` FOREIGN KEY (`PARENTID`) REFERENCES `CONTENT` (`CONTENTID`),
  CONSTRAINT `FK6382C0598C38FBEA` FOREIGN KEY (`PAGEID`) REFERENCES `CONTENT` (`CONTENTID`),
  CONSTRAINT `FK6382C059B2DC6081` FOREIGN KEY (`SPACEID`) REFERENCES `SPACES` (`SPACEID`),
  CONSTRAINT `FK6382C059B97E9230` FOREIGN KEY (`PARENTCOMMENTID`) REFERENCES `CONTENT` (`CONTENTID`)
) ENGINE=InnoDB DEFAULT CHARSET=latin1;
SET character_set_client = @saved_cs_client;

--
-- Dumping data for table `CONTENT`
--

LOCK TABLES `CONTENT` WRITE;
/*!40000 ALTER TABLE `CONTENT` DISABLE KEYS */;
INSERT INTO `CONTENT` VALUES (32769,'PAGE','Confluence Roadmap',1,NULL,'2010-06-15 15:28:25',NULL,'2010-07-22 12:59:55','',NULL,'current',65537,NULL,32819,NULL,NULL,NULL,NULL,NULL,NULL,NULL,NULL),(32770,'PAGE','Creating pages and linking',1,NULL,'2010-06-15 15:28:25',NULL,'2010-07-22 12:59:55','',NULL,'current',65537,0,32811,NULL,NULL,NULL,NULL,NULL,NULL,NULL,NULL),(32771,'PAGE','Macro Browser Spec',1,NULL,'2010-06-15 15:28:25',NULL,'2010-07-22 12:59:55','',NULL,'current',65537,NULL,32769,NULL,NULL,NULL,NULL,NULL,NULL,NULL,NULL),(32772,'PAGE','Formatting content',1,NULL,'2010-06-15 15:28:25',NULL,'2010-07-22 12:59:55','',NULL,'current',65537,1,32811,NULL,NULL,NULL,NULL,NULL,NULL,NULL,NULL),(32773,'PAGE','Archiving email',1,NULL,'2010-06-15 15:28:25',NULL,'2010-07-22 12:59:55','',NULL,'current',65537,10,32811,NULL,NULL,NULL,NULL,NULL,NULL,NULL,NULL),(32774,'PAGE','How the Talent Team at Atlassian use Confluence',1,NULL,'2010-06-15 15:28:25',NULL,'2010-07-22 12:59:55','',NULL,'current',65537,6,32827,NULL,NULL,NULL,NULL,NULL,NULL,NULL,NULL),(32775,'PAGE','Community - Hover Profile',1,NULL,'2010-06-15 15:28:25',NULL,'2010-07-22 12:59:55','',NULL,'current',65537,NULL,32769,NULL,NULL,NULL,NULL,NULL,NULL,NULL,NULL),(32776,'PAGE','Community - Profile',1,NULL,'2010-06-15 15:28:25',NULL,'2010-07-22 12:59:55','',NULL,'current',65537,NULL,32769,NULL,NULL,NULL,NULL,NULL,NULL,NULL,NULL),(32777,'PAGE','Integrating with JIRA',1,NULL,'2010-06-15 15:28:25',NULL,'2010-07-22 12:59:55','',NULL,'current',65537,7,32811,NULL,NULL,NULL,NULL,NULL,NULL,NULL,NULL),(32778,'BLOGPOST','From the Frontlines at Agile Australia 2009',1,NULL,'2010-06-15 15:28:25',NULL,'2010-07-22 12:59:50','',NULL,'current',65537,NULL,NULL,NULL,NULL,NULL,NULL,NULL,NULL,NULL,NULL),(32779,'PAGE','Working with RSS',1,NULL,'2010-06-15 15:28:25',NULL,'2010-07-22 12:59:55','',NULL,'current',65537,6,32811,NULL,NULL,NULL,NULL,NULL,NULL,NULL,NULL),(32780,'PAGE','Searching Confluence content',1,NULL,'2010-06-15 15:28:25',NULL,'2010-07-22 12:59:55','',NULL,'current',65537,2,32811,NULL,NULL,NULL,NULL,NULL,NULL,NULL,NULL),(32781,'PAGE','Featured Plugins',1,NULL,'2010-06-15 15:28:25',NULL,'2010-07-22 12:59:55','',NULL,'current',65537,6,32802,NULL,NULL,NULL,NULL,NULL,NULL,NULL,NULL),(32782,'PAGE','Displaying source code',1,NULL,'2010-06-15 15:28:25',NULL,'2010-07-22 12:59:55','',NULL,'current',65537,9,32811,NULL,NULL,NULL,NULL,NULL,NULL,NULL,NULL),(32783,'PAGE','Creating a task list',1,NULL,'2010-06-15 15:28:25',NULL,'2010-07-22 12:59:55','',NULL,'current',65537,3,32811,NULL,NULL,NULL,NULL,NULL,NULL,NULL,NULL),(32784,'PAGE','Creating a thumbnail gallery',1,NULL,'2010-06-15 15:28:25',NULL,'2010-07-22 12:59:55','',NULL,'current',65537,4,32811,NULL,NULL,NULL,NULL,NULL,NULL,NULL,NULL),(32785,'PAGE','More information',1,NULL,'2010-06-15 15:28:25',NULL,'2010-07-22 12:59:55','',NULL,'current',65537,5,32802,NULL,NULL,NULL,NULL,NULL,NULL,NULL,NULL),(32786,'PAGE','_PreinstalledPlugins',1,NULL,'2010-06-15 15:28:25',NULL,'2010-07-22 12:59:55','',NULL,'current',65537,NULL,32841,NULL,NULL,NULL,NULL,NULL,NULL,NULL,NULL),(32787,'PAGE','Creating an index',1,NULL,'2010-06-15 15:28:25',NULL,'2010-07-22 12:59:55','',NULL,'current',65537,8,32811,NULL,NULL,NULL,NULL,NULL,NULL,NULL,NULL),(32788,'BLOGPOST','Rare Website Luv',1,NULL,'2010-06-15 15:28:25',NULL,'2010-07-22 12:59:50','',NULL,'current',65537,NULL,NULL,NULL,NULL,NULL,NULL,NULL,NULL,NULL,NULL),(32789,'PAGE','_Rate Macro',1,NULL,'2010-06-15 15:28:25',NULL,'2010-07-22 12:59:55','',NULL,'current',65537,NULL,32841,NULL,NULL,NULL,NULL,NULL,NULL,NULL,NULL),(32790,'PAGE','_Approvals Workflow',1,NULL,'2010-06-15 15:28:25',NULL,'2010-07-22 12:59:55','',NULL,'current',65537,NULL,32841,NULL,NULL,NULL,NULL,NULL,NULL,NULL,NULL),(32791,'PAGE','Example Design Team Page',1,NULL,'2010-06-15 15:28:25',NULL,'2010-07-22 12:59:55','',NULL,'current',65537,3,32830,NULL,NULL,NULL,NULL,NULL,NULL,NULL,NULL),(32792,'PAGE','Tutorial (all on one page)',1,NULL,'2010-06-15 15:28:25',NULL,'2010-07-22 12:59:55','',NULL,'current',65537,2,32802,NULL,NULL,NULL,NULL,NULL,NULL,NULL,NULL),(32793,'PAGE','Request Leave Form',1,NULL,'2010-06-15 15:28:25',NULL,'2010-07-22 12:59:55','',NULL,'current',65537,7,32827,NULL,NULL,NULL,NULL,NULL,NULL,NULL,NULL),(32794,'PAGE','Atlassian Colours',1,NULL,'2010-06-15 15:28:25',NULL,'2010-07-22 12:59:55','',NULL,'current',65537,0,32791,NULL,NULL,NULL,NULL,NULL,NULL,NULL,NULL),(32795,'PAGE','_Links',1,NULL,'2010-06-15 15:28:25',NULL,'2010-07-22 12:59:55','',NULL,'current',65537,NULL,32841,NULL,NULL,NULL,NULL,NULL,NULL,NULL,NULL),(32796,'PAGE','_Archiving',1,NULL,'2010-06-15 15:28:25',NULL,'2010-07-22 12:59:55','',NULL,'current',65537,NULL,32841,NULL,NULL,NULL,NULL,NULL,NULL,NULL,NULL),(32797,'BLOGPOST','Annual Sales Target - $10 million',1,NULL,'2010-06-15 15:28:25',NULL,'2010-07-22 12:59:50','',NULL,'current',65537,NULL,NULL,NULL,NULL,NULL,NULL,NULL,NULL,NULL,NULL),(32798,'PAGE','Plugins for Knowledge Management',1,NULL,'2010-06-15 15:28:25',NULL,'2010-07-22 12:59:55','',NULL,'current',65537,NULL,32781,NULL,NULL,NULL,NULL,NULL,NULL,NULL,NULL),(32799,'PAGE','Atlassian Cotton',1,NULL,'2010-06-15 15:28:25',NULL,'2010-07-22 12:59:55','',NULL,'current',65537,1,32791,NULL,NULL,NULL,NULL,NULL,NULL,NULL,NULL),(32800,'PAGE','Atlassian Logos',1,NULL,'2010-06-15 15:28:25',NULL,'2010-07-22 12:59:55','',NULL,'current',65537,2,32791,NULL,NULL,NULL,NULL,NULL,NULL,NULL,NULL),(32801,'PAGE','PowerPoint Templates',1,NULL,'2010-06-15 15:28:25',NULL,'2010-07-22 12:59:55','',NULL,'current',65537,3,32791,NULL,NULL,NULL,NULL,NULL,NULL,NULL,NULL),(32802,'PAGE','Home',1,NULL,'2010-06-15 15:28:25',NULL,'2010-07-22 12:59:55','',NULL,'current',65537,1,NULL,NULL,NULL,NULL,NULL,NULL,NULL,NULL,NULL),(32803,'PAGE','Using the menus',1,NULL,'2010-06-15 15:28:25',NULL,'2010-07-22 12:59:55','',NULL,'current',65537,0,32820,NULL,NULL,NULL,NULL,NULL,NULL,NULL,NULL),(32804,'PAGE','Adding content to a page',1,NULL,'2010-06-15 15:28:25',NULL,'2010-07-22 12:59:55','',NULL,'current',65537,3,32820,NULL,NULL,NULL,NULL,NULL,NULL,NULL,NULL),(32805,'PAGE','Creating a page',1,NULL,'2010-06-15 15:28:25',NULL,'2010-07-22 12:59:55','',NULL,'current',65537,2,32820,NULL,NULL,NULL,NULL,NULL,NULL,NULL,NULL),(32806,'PAGE','Updating your user profile',1,NULL,'2010-06-15 15:28:25',NULL,'2010-07-22 12:59:55','',NULL,'current',65537,5,32820,NULL,NULL,NULL,NULL,NULL,NULL,NULL,NULL),(32807,'PAGE','Using the Dashboard',1,NULL,'2010-06-15 15:28:25',NULL,'2010-07-22 12:59:55','',NULL,'current',65537,4,32820,NULL,NULL,NULL,NULL,NULL,NULL,NULL,NULL),(32808,'PAGE','Creating a blog post',1,NULL,'2010-06-15 15:28:25',NULL,'2010-07-22 12:59:55','',NULL,'current',65537,8,32820,NULL,NULL,NULL,NULL,NULL,NULL,NULL,NULL),(32809,'PAGE','Josh',1,NULL,'2010-06-15 15:28:25',NULL,'2010-07-22 12:59:55','',NULL,'current',65537,NULL,32844,NULL,NULL,NULL,NULL,NULL,NULL,NULL,NULL),(32810,'PAGE','Adding a comment to a page',1,NULL,'2010-06-15 15:28:25',NULL,'2010-07-22 12:59:55','',NULL,'current',65537,6,32820,NULL,NULL,NULL,NULL,NULL,NULL,NULL,NULL),(32811,'PAGE','Advanced topics',1,NULL,'2010-06-15 15:28:25',NULL,'2010-07-22 12:59:55','',NULL,'current',65537,3,32802,NULL,NULL,NULL,NULL,NULL,NULL,NULL,NULL),(32812,'PAGE','Creating a space',1,NULL,'2010-06-15 15:28:25',NULL,'2010-07-22 12:59:55','',NULL,'current',65537,1,32820,NULL,NULL,NULL,NULL,NULL,NULL,NULL,NULL),(32813,'PAGE','Quick Navigation Spec',1,NULL,'2010-06-15 15:28:25',NULL,'2010-07-22 12:59:55','',NULL,'current',65537,NULL,32816,NULL,NULL,NULL,NULL,NULL,NULL,NULL,NULL),(32814,'PAGE','Re-ordering pages',1,NULL,'2010-06-15 15:28:25',NULL,'2010-07-22 12:59:55','',NULL,'current',65537,5,32811,NULL,NULL,NULL,NULL,NULL,NULL,NULL,NULL),(32815,'PAGE','Confluence Induction',1,NULL,'2010-06-15 15:28:25',NULL,'2010-07-22 12:59:55','',NULL,'current',65537,NULL,32819,NULL,NULL,NULL,NULL,NULL,NULL,NULL,NULL),(32816,'PAGE','Planned Feature Specifications',1,NULL,'2010-06-15 15:28:25',NULL,'2010-07-22 12:59:55','',NULL,'current',65537,NULL,32819,NULL,NULL,NULL,NULL,NULL,NULL,NULL,NULL),(32817,'PAGE','Confluence 3.3 Release Dashboard',1,NULL,'2010-06-15 15:28:25',NULL,'2010-07-22 12:59:55','',NULL,'current',65537,NULL,32819,NULL,NULL,NULL,NULL,NULL,NULL,NULL,NULL),(32818,'PAGE','Leave Planning',1,NULL,'2010-06-15 15:28:25',NULL,'2010-07-22 12:59:55','',NULL,'current',65537,NULL,32819,NULL,NULL,NULL,NULL,NULL,NULL,NULL,NULL),(32819,'PAGE','Example Development Team Page',1,NULL,'2010-06-15 15:28:25',NULL,'2010-07-22 12:59:55','',NULL,'current',65537,1,32830,NULL,NULL,NULL,NULL,NULL,NULL,NULL,NULL),(32820,'PAGE','Tutorial',1,NULL,'2010-06-15 15:28:25',NULL,'2010-07-22 12:59:55','',NULL,'current',65537,1,32802,NULL,NULL,NULL,NULL,NULL,NULL,NULL,NULL),(32821,'BLOGPOST','Retrospective',1,NULL,'2010-06-15 15:28:25',NULL,'2010-07-22 12:59:50','',NULL,'current',65537,NULL,NULL,NULL,NULL,NULL,NULL,NULL,NULL,NULL,NULL),(32822,'BLOGPOST','Confluence 2.10 Milestone 5',1,NULL,'2010-06-15 15:28:25',NULL,'2010-07-22 12:59:50','',NULL,'current',65537,NULL,NULL,NULL,NULL,NULL,NULL,NULL,NULL,NULL,NULL),(32823,'BLOGPOST','Back in Action!',1,NULL,'2010-06-15 15:28:25',NULL,'2010-07-22 12:59:50','',NULL,'current',65537,NULL,NULL,NULL,NULL,NULL,NULL,NULL,NULL,NULL,NULL),(32824,'PAGE','Sales Reports',1,NULL,'2010-06-15 15:28:25',NULL,'2010-07-22 12:59:55','',NULL,'current',65537,NULL,32844,NULL,NULL,NULL,NULL,NULL,NULL,NULL,NULL),(32825,'BLOGPOST','Confluence Mentioned In Rex In-Flight Magazine',1,NULL,'2010-06-15 15:28:25',NULL,'2010-07-22 12:59:50','',NULL,'current',65537,NULL,NULL,NULL,NULL,NULL,NULL,NULL,NULL,NULL,NULL),(32826,'BLOGPOST','Developers - What\'s your favourite editor when using Windows?',1,NULL,'2010-06-15 15:28:25',NULL,'2010-07-22 12:59:50','',NULL,'current',65537,NULL,NULL,NULL,NULL,NULL,NULL,NULL,NULL,NULL,NULL),(32827,'PAGE','Example Human Resources Page',1,NULL,'2010-06-15 15:28:25',NULL,'2010-07-22 12:59:55','',NULL,'current',65537,2,32830,NULL,NULL,NULL,NULL,NULL,NULL,NULL,NULL),(32828,'BLOGPOST','Atlassian in HR Awards',1,NULL,'2010-06-15 15:28:25',NULL,'2010-07-22 12:59:50','',NULL,'current',65537,NULL,NULL,NULL,NULL,NULL,NULL,NULL,NULL,NULL,NULL),(32829,'PAGE','Company Birthday List',1,NULL,'2010-06-15 15:28:25',NULL,'2010-07-22 12:59:55','',NULL,'current',65537,4,32827,NULL,NULL,NULL,NULL,NULL,NULL,NULL,NULL),(32830,'PAGE','Examples',1,NULL,'2010-06-15 15:28:25',NULL,'2010-07-22 12:59:55','',NULL,'current',65537,NULL,32802,NULL,NULL,NULL,NULL,NULL,NULL,NULL,NULL),(32831,'BLOGPOST','New Starters',1,NULL,'2010-06-15 15:28:25',NULL,'2010-07-22 12:59:50','',NULL,'current',65537,NULL,NULL,NULL,NULL,NULL,NULL,NULL,NULL,NULL,NULL),(32832,'PAGE','Recruitment',1,NULL,'2010-06-15 15:28:25',NULL,'2010-07-22 12:59:55','',NULL,'current',65537,2,32827,NULL,NULL,NULL,NULL,NULL,NULL,NULL,NULL),(32833,'BLOGPOST','Webinar Feedback',1,NULL,'2010-06-15 15:28:25',NULL,'2010-07-22 12:59:50','',NULL,'current',65537,NULL,NULL,NULL,NULL,NULL,NULL,NULL,NULL,NULL,NULL),(32834,'PAGE','HR Policies and Procedures',1,NULL,'2010-06-15 15:28:25',NULL,'2010-07-22 12:59:55','',NULL,'current',65537,1,32827,NULL,NULL,NULL,NULL,NULL,NULL,NULL,NULL),(32835,'BLOGPOST','Confluence 3.1-m7 Milestone Notes',1,NULL,'2010-06-15 15:28:25',NULL,'2010-07-22 12:59:50','',NULL,'current',65537,NULL,NULL,NULL,NULL,NULL,NULL,NULL,NULL,NULL,NULL),(32836,'PAGE','Company Induction',1,NULL,'2010-06-15 15:28:25',NULL,'2010-07-22 12:59:55','',NULL,'current',65537,0,32827,NULL,NULL,NULL,NULL,NULL,NULL,NULL,NULL),(32837,'PAGE','Buddy System',1,NULL,'2010-06-15 15:28:25',NULL,'2010-07-22 12:59:55','',NULL,'current',65537,3,32827,NULL,NULL,NULL,NULL,NULL,NULL,NULL,NULL),(32838,'PAGE','Have Fun',1,NULL,'2010-06-15 15:28:25',NULL,'2010-07-22 12:59:55','',NULL,'current',65537,5,32827,NULL,NULL,NULL,NULL,NULL,NULL,NULL,NULL),(32839,'BLOGPOST','Movember at Atlassian - Oooo we\'re half way there, oooooo oh...',1,NULL,'2010-06-15 15:28:25',NULL,'2010-07-22 12:59:50','',NULL,'current',65537,NULL,NULL,NULL,NULL,NULL,NULL,NULL,NULL,NULL,NULL),(32840,'PAGE','_Images',1,NULL,'2010-06-15 15:28:25',NULL,'2010-07-22 12:59:55','',NULL,'current',65537,NULL,32841,NULL,NULL,NULL,NULL,NULL,NULL,NULL,NULL),(32841,'PAGE','_InclusionsLibrary',1,NULL,'2010-06-15 15:28:25',NULL,'2010-07-22 12:59:55','',NULL,'current',65537,NULL,NULL,NULL,NULL,NULL,NULL,NULL,NULL,NULL,NULL),(32842,'PAGE','Team Blog',1,NULL,'2010-06-15 15:28:25',NULL,'2010-07-22 12:59:55','',NULL,'current',65537,NULL,32844,NULL,NULL,NULL,NULL,NULL,NULL,NULL,NULL),(32843,'BLOGPOST','Quick HOWTO - Confluence testing with Maven',1,NULL,'2010-06-15 15:28:25',NULL,'2010-07-22 12:59:50','',NULL,'current',65537,NULL,NULL,NULL,NULL,NULL,NULL,NULL,NULL,NULL,NULL),(32844,'PAGE','Example Sales Team Page',1,NULL,'2010-06-15 15:28:25',NULL,'2010-07-22 12:59:55','',NULL,'current',65537,0,32830,NULL,NULL,NULL,NULL,NULL,NULL,NULL,NULL),(32845,'PAGE','_PAC',1,NULL,'2010-06-15 15:28:25',NULL,'2010-07-22 12:59:55','',NULL,'current',65537,NULL,32841,NULL,NULL,NULL,NULL,NULL,NULL,NULL,NULL),(32846,'PAGE','Plugins for Documentation',1,NULL,'2010-06-15 15:28:25',NULL,'2010-07-22 12:59:55','',NULL,'current',65537,NULL,32781,NULL,NULL,NULL,NULL,NULL,NULL,NULL,NULL),(32847,'PAGE','Sales Tools',1,NULL,'2010-06-15 15:28:25',NULL,'2010-07-22 12:59:55','',NULL,'current',65537,NULL,32844,NULL,NULL,NULL,NULL,NULL,NULL,NULL,NULL),(32848,'PAGE','Week 27 Meeting Notes',1,NULL,'2010-06-15 15:28:25',NULL,'2010-07-22 12:59:55','',NULL,'current',65537,NULL,32850,NULL,NULL,NULL,NULL,NULL,NULL,NULL,NULL),(32849,'PAGE','_Copy Space',1,NULL,'2010-06-15 15:28:25',NULL,'2010-07-22 12:59:55','',NULL,'current',65537,NULL,32841,NULL,NULL,NULL,NULL,NULL,NULL,NULL,NULL),(32850,'PAGE','Meeting Notes',1,NULL,'2010-06-15 15:28:25',NULL,'2010-07-22 12:59:55','',NULL,'current',65537,NULL,32844,NULL,NULL,NULL,NULL,NULL,NULL,NULL,NULL),(32851,'PAGE','Week 29 Meeting Notes',1,NULL,'2010-06-15 15:28:25',NULL,'2010-07-22 12:59:55','',NULL,'current',65537,NULL,32850,NULL,NULL,NULL,NULL,NULL,NULL,NULL,NULL),(32852,'PAGE','Week 28 Meeting Notes',1,NULL,'2010-06-15 15:28:25',NULL,'2010-07-22 12:59:55','',NULL,'current',65537,NULL,32850,NULL,NULL,NULL,NULL,NULL,NULL,NULL,NULL),(32853,'PAGE','_TaskDock',1,NULL,'2010-06-15 15:28:25',NULL,'2010-07-22 12:59:55','',NULL,'current',65537,NULL,32841,NULL,NULL,NULL,NULL,NULL,NULL,NULL,NULL),(32854,'PAGE','_Gliffy',1,NULL,'2010-06-15 15:28:25',NULL,'2010-07-22 12:59:55','',NULL,'current',65537,NULL,32841,NULL,NULL,NULL,NULL,NULL,NULL,NULL,NULL),(32855,'PAGE','_Installing Plugins',1,NULL,'2010-06-15 15:28:25',NULL,'2010-07-22 12:59:55','',NULL,'current',65537,NULL,32841,NULL,NULL,NULL,NULL,NULL,NULL,NULL,NULL),(32856,'PAGE','A note to Confluence administrators',1,NULL,'2010-06-15 15:28:25',NULL,'2010-07-22 12:59:55','',NULL,'current',65537,0,32802,NULL,NULL,NULL,NULL,NULL,NULL,NULL,NULL),(32857,'PAGE','Image Browser Spec',1,NULL,'2010-06-15 15:28:25',NULL,'2010-07-22 12:59:55','',NULL,'current',65537,NULL,32816,NULL,NULL,NULL,NULL,NULL,NULL,NULL,NULL),(32858,'PAGE','_Balsamiq',1,NULL,'2010-06-15 15:28:25',NULL,'2010-07-22 12:59:55','',NULL,'current',65537,NULL,32841,NULL,NULL,NULL,NULL,NULL,NULL,NULL,NULL),(32859,'PAGE','Plugins for Intranets',1,NULL,'2010-06-15 15:28:25',NULL,'2010-07-22 12:59:55','',NULL,'current',65537,NULL,32781,NULL,NULL,NULL,NULL,NULL,NULL,NULL,NULL),(32860,'PAGE','Insert Menu Spec',1,NULL,'2010-06-15 15:28:25',NULL,'2010-07-22 12:59:55','',NULL,'current',65537,NULL,32816,NULL,NULL,NULL,NULL,NULL,NULL,NULL,NULL),(32861,'PAGE','_Themes',1,NULL,'2010-06-15 15:28:25',NULL,'2010-07-22 12:59:55','',NULL,'current',65537,NULL,32841,NULL,NULL,NULL,NULL,NULL,NULL,NULL,NULL),(32862,'SPACEDESCRIPTION',NULL,6,NULL,'2010-06-15 15:28:25',NULL,'2010-07-22 12:59:50','',NULL,'current',65537,NULL,NULL,NULL,NULL,NULL,NULL,NULL,NULL,NULL,NULL),(32863,'SPACEDESCRIPTION',NULL,2,NULL,'2010-06-15 15:28:25',NULL,'2010-07-22 12:59:50','',32862,'current',NULL,NULL,NULL,NULL,NULL,NULL,NULL,NULL,NULL,NULL,NULL),(32864,'SPACEDESCRIPTION',NULL,4,NULL,'2010-06-15 15:28:25',NULL,'2010-07-22 12:59:50','',32862,'current',NULL,NULL,NULL,NULL,NULL,NULL,NULL,NULL,NULL,NULL,NULL),(32865,'SPACEDESCRIPTION',NULL,3,NULL,'2010-06-15 15:28:25',NULL,'2010-07-22 12:59:50','',32862,'current',NULL,NULL,NULL,NULL,NULL,NULL,NULL,NULL,NULL,NULL,NULL),(32866,'SPACEDESCRIPTION',NULL,5,NULL,'2010-06-15 15:28:25',NULL,'2010-07-22 12:59:50','',32862,'current',NULL,NULL,NULL,NULL,NULL,NULL,NULL,NULL,NULL,NULL,NULL),(32867,'SPACEDESCRIPTION',NULL,1,NULL,'2010-06-15 15:28:25',NULL,'2010-07-22 12:59:50','',32862,'current',NULL,NULL,NULL,NULL,NULL,NULL,NULL,NULL,NULL,NULL,NULL),(425985,'USERINFO',NULL,1,NULL,'2010-07-22 13:00:20',NULL,'2010-07-22 13:00:20','',NULL,'current',NULL,NULL,NULL,NULL,NULL,NULL,NULL,NULL,NULL,NULL,'administrator'),(425986,'GLOBALDESCRIPTION',NULL,1,NULL,'2010-07-22 13:00:22',NULL,'2010-07-22 13:00:22','',NULL,'current',NULL,NULL,NULL,NULL,NULL,NULL,NULL,NULL,NULL,NULL,NULL);
/*!40000 ALTER TABLE `CONTENT` ENABLE KEYS */;
UNLOCK TABLES;

--
-- Table structure for table `CONTENTLOCK`
--

DROP TABLE IF EXISTS `CONTENTLOCK`;
SET @saved_cs_client     = @@character_set_client;
SET character_set_client = utf8;
CREATE TABLE `CONTENTLOCK` (
  `CONTENTLOCKID` bigint(20) NOT NULL,
  `TITLE` varchar(20) default NULL,
  `GROUPNAME` varchar(255) default NULL,
  `EXPIRYDATE` datetime default NULL,
  `CONTENT` bigint(20) default NULL,
  `CREATOR` varchar(255) default NULL,
  `COMMENTSTR` varchar(255) default NULL,
  `CREATIONDATE` datetime default NULL,
  `LASTMODIFIER` varchar(255) default NULL,
  `LASTMODDATE` datetime default NULL,
  PRIMARY KEY  (`CONTENTLOCKID`),
  KEY `cl_title_idx` (`TITLE`),
  KEY `cl_content_idx` (`CONTENT`),
  CONSTRAINT `FK692CA9046382C059` FOREIGN KEY (`CONTENT`) REFERENCES `CONTENT` (`CONTENTID`)
) ENGINE=InnoDB DEFAULT CHARSET=latin1;
SET character_set_client = @saved_cs_client;

--
-- Dumping data for table `CONTENTLOCK`
--

LOCK TABLES `CONTENTLOCK` WRITE;
/*!40000 ALTER TABLE `CONTENTLOCK` DISABLE KEYS */;
/*!40000 ALTER TABLE `CONTENTLOCK` ENABLE KEYS */;
UNLOCK TABLES;

--
-- Table structure for table `CONTENT_LABEL`
--

DROP TABLE IF EXISTS `CONTENT_LABEL`;
SET @saved_cs_client     = @@character_set_client;
SET character_set_client = utf8;
CREATE TABLE `CONTENT_LABEL` (
  `ID` bigint(20) NOT NULL,
  `LABELID` bigint(20) NOT NULL,
  `CONTENTID` bigint(20) NOT NULL,
  `OWNER` varchar(255) default NULL,
  `CREATIONDATE` datetime default NULL,
  `LASTMODDATE` datetime default NULL,
  PRIMARY KEY  (`ID`),
  KEY `cl_contentid_idx` (`CONTENTID`),
  KEY `cl_labelid_idx` (`LABELID`),
  KEY `cl_lastmoddate_idx` (`LASTMODDATE`),
  CONSTRAINT `FKF0E7436E27072AEF` FOREIGN KEY (`LABELID`) REFERENCES `LABEL` (`LABELID`),
  CONSTRAINT `FKF0E7436E8DD41734` FOREIGN KEY (`CONTENTID`) REFERENCES `CONTENT` (`CONTENTID`)
) ENGINE=InnoDB DEFAULT CHARSET=latin1;
SET character_set_client = @saved_cs_client;

--
-- Dumping data for table `CONTENT_LABEL`
--

LOCK TABLES `CONTENT_LABEL` WRITE;
/*!40000 ALTER TABLE `CONTENT_LABEL` DISABLE KEYS */;
INSERT INTO `CONTENT_LABEL` VALUES (262145,229377,32833,'barconati','2010-06-15 15:28:25','2010-06-15 15:28:25'),(262146,229378,32821,'barconati','2010-06-15 15:28:25','2010-06-15 15:28:25'),(262147,229379,32788,'barconati','2010-06-15 15:28:25','2010-06-15 15:28:25'),(262148,229379,32833,'barconati','2010-06-15 15:28:25','2010-06-15 15:28:25'),(262149,229380,32813,'barconati','2010-06-15 15:28:25','2010-06-15 15:28:25'),(262150,229381,32813,'barconati','2010-06-15 15:28:25','2010-06-15 15:28:25'),(262151,229382,32843,'barconati','2010-06-15 15:28:25','2010-06-15 15:28:25'),(262152,229383,32826,'barconati','2010-06-15 15:28:25','2010-06-15 15:28:25'),(262153,229383,32825,'barconati','2010-06-15 15:28:25','2010-06-15 15:28:25'),(262154,229383,32823,'barconati','2010-06-15 15:28:25','2010-06-15 15:28:25'),(262155,229384,32833,'barconati','2010-06-15 15:28:25','2010-06-15 15:28:25'),(262156,229385,32797,'barconati','2010-06-15 15:28:25','2010-06-15 15:28:25'),(262157,229386,32797,'barconati','2010-06-15 15:28:25','2010-06-15 15:28:25'),(262158,229387,32797,'barconati','2010-06-15 15:28:25','2010-06-15 15:28:25'),(262159,229388,32831,'mhodges','2010-06-15 15:28:25','2010-06-15 15:28:25'),(262160,229388,32839,'mhodges','2010-06-15 15:28:25','2010-06-15 15:28:25'),(262161,229388,32828,'mhodges','2010-06-15 15:28:25','2010-06-15 15:28:25'),(262162,229389,32856,'jnolen','2010-06-15 15:28:25','2010-06-15 15:28:25'),(262163,229390,32811,'jnolen','2010-06-15 15:28:25','2010-06-15 15:28:25'),(262164,229391,32826,'mhodges','2010-06-15 15:28:25','2010-06-15 15:28:25'),(262165,229391,32835,'mhodges','2010-06-15 15:28:25','2010-06-15 15:28:25'),(262166,229392,32778,'mhodges','2010-06-15 15:28:25','2010-06-15 15:28:25'),(262167,229392,32797,'barconati','2010-06-15 15:28:25','2010-06-15 15:28:25'),(262168,229392,32788,'barconati','2010-06-15 15:28:25','2010-06-15 15:28:25'),(262169,229392,32833,'barconati','2010-06-15 15:28:25','2010-06-15 15:28:25'),(262170,229393,32843,'barconati','2010-06-15 15:28:25','2010-06-15 15:28:25'),(262171,229394,32843,'barconati','2010-06-15 15:28:25','2010-06-15 15:28:25'),(262172,229394,32822,'barconati','2010-06-15 15:28:25','2010-06-15 15:28:25'),(262173,229394,32821,'barconati','2010-06-15 15:28:25','2010-06-15 15:28:25'),(262174,229395,32813,'barconati','2010-06-15 15:28:25','2010-06-15 15:28:25'),(262175,229396,32788,'barconati','2010-06-15 15:28:25','2010-06-15 15:28:25'),(262176,229397,32843,'barconati','2010-06-15 15:28:25','2010-06-15 15:28:25'),(262177,229398,32843,'barconati','2010-06-15 15:28:25','2010-06-15 15:28:25'),(262178,229399,32843,'barconati','2010-06-15 15:28:25','2010-06-15 15:28:25'),(262179,229399,32825,'barconati','2010-06-15 15:28:25','2010-06-15 15:28:25'),(262180,229399,32822,'barconati','2010-06-15 15:28:25','2010-06-15 15:28:25'),(262181,229399,32821,'barconati','2010-06-15 15:28:25','2010-06-15 15:28:25'),(262182,229400,32826,'barconati','2010-06-15 15:28:25','2010-06-15 15:28:25'),(262183,229401,32823,'barconati','2010-06-15 15:28:25','2010-06-15 15:28:25'),(262184,229402,32825,'barconati','2010-06-15 15:28:25','2010-06-15 15:28:25'),(262185,229403,32813,'barconati','2010-06-15 15:28:25','2010-06-15 15:28:25'),(262186,229404,32822,'barconati','2010-06-15 15:28:25','2010-06-15 15:28:25'),(262187,229405,32826,'barconati','2010-06-15 15:28:25','2010-06-15 15:28:25');
/*!40000 ALTER TABLE `CONTENT_LABEL` ENABLE KEYS */;
UNLOCK TABLES;

--
-- Table structure for table `CONTENT_PERM`
--

DROP TABLE IF EXISTS `CONTENT_PERM`;
SET @saved_cs_client     = @@character_set_client;
SET character_set_client = utf8;
CREATE TABLE `CONTENT_PERM` (
  `ID` bigint(20) NOT NULL,
  `CP_TYPE` varchar(10) NOT NULL,
  `USERNAME` varchar(255) default NULL,
  `GROUPNAME` varchar(255) default NULL,
  `CPS_ID` bigint(20) default NULL,
  `CREATOR` varchar(255) default NULL,
  `CREATIONDATE` datetime default NULL,
  `LASTMODIFIER` varchar(255) default NULL,
  `LASTMODDATE` datetime default NULL,
  PRIMARY KEY  (`ID`),
  KEY `cp_gn_idx` (`GROUPNAME`),
  KEY `cp_un_idx` (`USERNAME`),
  KEY `cp_os_idx` (`CPS_ID`),
  CONSTRAINT `FKBD74B31676E33274` FOREIGN KEY (`CPS_ID`) REFERENCES `CONTENT_PERM_SET` (`ID`)
) ENGINE=InnoDB DEFAULT CHARSET=latin1;
SET character_set_client = @saved_cs_client;

--
-- Dumping data for table `CONTENT_PERM`
--

LOCK TABLES `CONTENT_PERM` WRITE;
/*!40000 ALTER TABLE `CONTENT_PERM` DISABLE KEYS */;
/*!40000 ALTER TABLE `CONTENT_PERM` ENABLE KEYS */;
UNLOCK TABLES;

--
-- Table structure for table `CONTENT_PERM_SET`
--

DROP TABLE IF EXISTS `CONTENT_PERM_SET`;
SET @saved_cs_client     = @@character_set_client;
SET character_set_client = utf8;
CREATE TABLE `CONTENT_PERM_SET` (
  `ID` bigint(20) NOT NULL,
  `CONT_PERM_TYPE` varchar(10) NOT NULL,
  `CONTENT_ID` bigint(20) default NULL,
  `CREATIONDATE` datetime default NULL,
  `LASTMODDATE` datetime default NULL,
  PRIMARY KEY  (`ID`),
  KEY `cps_content_idx` (`CONTENT_ID`),
  CONSTRAINT `FKBF45A7992CAF22C1` FOREIGN KEY (`CONTENT_ID`) REFERENCES `CONTENT` (`CONTENTID`)
) ENGINE=InnoDB DEFAULT CHARSET=latin1;
SET character_set_client = @saved_cs_client;

--
-- Dumping data for table `CONTENT_PERM_SET`
--

LOCK TABLES `CONTENT_PERM_SET` WRITE;
/*!40000 ALTER TABLE `CONTENT_PERM_SET` DISABLE KEYS */;
/*!40000 ALTER TABLE `CONTENT_PERM_SET` ENABLE KEYS */;
UNLOCK TABLES;

--
-- Table structure for table `DECORATOR`
--

DROP TABLE IF EXISTS `DECORATOR`;
SET @saved_cs_client     = @@character_set_client;
SET character_set_client = utf8;
CREATE TABLE `DECORATOR` (
  `DECORATORID` bigint(20) NOT NULL,
  `SPACEKEY` varchar(255) default NULL,
  `DECORATORNAME` varchar(255) default NULL,
  `BODY` mediumtext,
  `LASTMODDATE` datetime default NULL,
  PRIMARY KEY  (`DECORATORID`),
  KEY `dec_name_idx` (`DECORATORNAME`),
  KEY `dec_key_idx` (`SPACEKEY`)
) ENGINE=InnoDB DEFAULT CHARSET=latin1;
SET character_set_client = @saved_cs_client;

--
-- Dumping data for table `DECORATOR`
--

LOCK TABLES `DECORATOR` WRITE;
/*!40000 ALTER TABLE `DECORATOR` DISABLE KEYS */;
/*!40000 ALTER TABLE `DECORATOR` ENABLE KEYS */;
UNLOCK TABLES;

--
-- Table structure for table `EXTRNLNKS`
--

DROP TABLE IF EXISTS `EXTRNLNKS`;
SET @saved_cs_client     = @@character_set_client;
SET character_set_client = utf8;
CREATE TABLE `EXTRNLNKS` (
  `LINKID` bigint(20) NOT NULL,
  `CONTENTTYPE` varchar(255) NOT NULL,
  `VIEWCOUNT` int(11) NOT NULL,
  `URL` varchar(255) NOT NULL,
  `CONTENTID` bigint(20) NOT NULL,
  `CREATOR` varchar(255) default NULL,
  `CREATIONDATE` datetime default NULL,
  `LASTMODIFIER` varchar(255) default NULL,
  `LASTMODDATE` datetime default NULL,
  PRIMARY KEY  (`LINKID`),
  KEY `el_contentid_idx` (`CONTENTID`),
  CONSTRAINT `FK97C10FE78DD41734` FOREIGN KEY (`CONTENTID`) REFERENCES `CONTENT` (`CONTENTID`)
) ENGINE=InnoDB DEFAULT CHARSET=latin1;
SET character_set_client = @saved_cs_client;

--
-- Dumping data for table `EXTRNLNKS`
--

LOCK TABLES `EXTRNLNKS` WRITE;
/*!40000 ALTER TABLE `EXTRNLNKS` DISABLE KEYS */;
/*!40000 ALTER TABLE `EXTRNLNKS` ENABLE KEYS */;
UNLOCK TABLES;

--
-- Table structure for table `FOLLOW_CONNECTIONS`
--

DROP TABLE IF EXISTS `FOLLOW_CONNECTIONS`;
SET @saved_cs_client     = @@character_set_client;
SET character_set_client = utf8;
CREATE TABLE `FOLLOW_CONNECTIONS` (
  `CONNECTIONID` bigint(20) NOT NULL,
  `FOLLOWER` varchar(255) NOT NULL,
  `FOLLOWEE` varchar(255) NOT NULL,
  PRIMARY KEY  (`CONNECTIONID`),
  KEY `cn_followee_idx` (`FOLLOWEE`),
  KEY `cn_follower_idx` (`FOLLOWER`)
) ENGINE=InnoDB DEFAULT CHARSET=latin1;
SET character_set_client = @saved_cs_client;

--
-- Dumping data for table `FOLLOW_CONNECTIONS`
--

LOCK TABLES `FOLLOW_CONNECTIONS` WRITE;
/*!40000 ALTER TABLE `FOLLOW_CONNECTIONS` DISABLE KEYS */;
/*!40000 ALTER TABLE `FOLLOW_CONNECTIONS` ENABLE KEYS */;
UNLOCK TABLES;

--
-- Table structure for table `IMAGEDETAILS`
--

DROP TABLE IF EXISTS `IMAGEDETAILS`;
SET @saved_cs_client     = @@character_set_client;
SET character_set_client = utf8;
CREATE TABLE `IMAGEDETAILS` (
  `ATTACHMENTID` bigint(20) NOT NULL,
  `HEIGHT` int(11) default NULL,
  `WIDTH` int(11) default NULL,
  `MIMETYPE` varchar(30) default NULL,
  PRIMARY KEY  (`ATTACHMENTID`),
  CONSTRAINT `FKA768048734A4917E` FOREIGN KEY (`ATTACHMENTID`) REFERENCES `ATTACHMENTS` (`ATTACHMENTID`)
) ENGINE=InnoDB DEFAULT CHARSET=latin1;
SET character_set_client = @saved_cs_client;

--
-- Dumping data for table `IMAGEDETAILS`
--

LOCK TABLES `IMAGEDETAILS` WRITE;
/*!40000 ALTER TABLE `IMAGEDETAILS` DISABLE KEYS */;
/*!40000 ALTER TABLE `IMAGEDETAILS` ENABLE KEYS */;
UNLOCK TABLES;

--
-- Table structure for table `INDEXQUEUEENTRIES`
--

DROP TABLE IF EXISTS `INDEXQUEUEENTRIES`;
SET @saved_cs_client     = @@character_set_client;
SET character_set_client = utf8;
CREATE TABLE `INDEXQUEUEENTRIES` (
  `ENTRYID` bigint(20) NOT NULL,
  `CREATIONDATE` datetime default NULL,
  `TYPE` int(11) default NULL,
  `HANDLE` varchar(255) default NULL,
  PRIMARY KEY  (`ENTRYID`)
) ENGINE=InnoDB DEFAULT CHARSET=latin1;
SET character_set_client = @saved_cs_client;

--
-- Dumping data for table `INDEXQUEUEENTRIES`
--

LOCK TABLES `INDEXQUEUEENTRIES` WRITE;
/*!40000 ALTER TABLE `INDEXQUEUEENTRIES` DISABLE KEYS */;
INSERT INTO `INDEXQUEUEENTRIES` VALUES (458753,'2010-07-22 13:00:20',27,'com.atlassian.confluence.user.PersonalInformation-425985'),(458754,'2010-07-22 13:00:20',1,'com.atlassian.confluence.user.PersonalInformation-425985');
/*!40000 ALTER TABLE `INDEXQUEUEENTRIES` ENABLE KEYS */;
UNLOCK TABLES;

--
-- Table structure for table `KEYSTORE`
--

DROP TABLE IF EXISTS `KEYSTORE`;
SET @saved_cs_client     = @@character_set_client;
SET character_set_client = utf8;
CREATE TABLE `KEYSTORE` (
  `KEYID` bigint(20) NOT NULL,
  `ALIAS` varchar(255) NOT NULL,
  `TYPE` varchar(32) NOT NULL,
  `ALGORITHM` varchar(32) NOT NULL,
  `KEYSPEC` text NOT NULL,
  PRIMARY KEY  (`KEYID`)
) ENGINE=InnoDB DEFAULT CHARSET=latin1;
SET character_set_client = @saved_cs_client;

--
-- Dumping data for table `KEYSTORE`
--

LOCK TABLES `KEYSTORE` WRITE;
/*!40000 ALTER TABLE `KEYSTORE` DISABLE KEYS */;
INSERT INTO `KEYSTORE` VALUES (524289,'confluence:8237016','public','RSA','MIIBIjANBgkqhkiG9w0BAQEFAAOCAQ8AMIIBCgKCAQEAhBvVQ8GY6quN1qru60h0VrZJs61rZ0eJ8iXOa++IFJIgyUlvBqVQjShc2jwBVbed/lHf3AhG556DPkOM9dBgU0d5MslOiTvwya+ZdX3fTSKGGYo8ocleBAKB1PukrE7aCKfjc73w/KDtmm6E0+tdqhi1h8VDQrw+TB5PVGKEaVa8snmBjlY/Rv05uD7hROh+FS/GCNebjN2/D+8UCbRc8eNJbIncdGwaYDuU0W2F0XM9HI+Vm+J/F18HfhROsTyzLVgBBBCn5umgQQkMXhrWW7xSWLJWnT60oDST5Zf9Yf2Yr/BVGh67T5DX1hnWYJyW/JTKtQEHTl+KZNjX7m+/kQIDAQAB'),(524290,'confluence:8237016','private','RSA','MIIEvAIBADANBgkqhkiG9w0BAQEFAASCBKYwggSiAgEAAoIBAQCEG9VDwZjqq43Wqu7rSHRWtkmzrWtnR4nyJc5r74gUkiDJSW8GpVCNKFzaPAFVt53+Ud/cCEbnnoM+Q4z10GBTR3kyyU6JO/DJr5l1fd9NIoYZijyhyV4EAoHU+6SsTtoIp+NzvfD8oO2aboTT612qGLWHxUNCvD5MHk9UYoRpVryyeYGOVj9G/Tm4PuFE6H4VL8YI15uM3b8P7xQJtFzx40lsidx0bBpgO5TRbYXRcz0cj5Wb4n8XXwd+FE6xPLMtWAEEEKfm6aBBCQxeGtZbvFJYsladPrSgNJPll/1h/Ziv8FUaHrtPkNfWGdZgnJb8lMq1AQdOX4pk2Nfub7+RAgMBAAECggEALdOx4TUxJIaqR0M4aenSYZoOawPHdCY+1f8DYjHPVMN0GB8fIoEKNk1AGHwkQmXVqrkgHKXKYuJ7yIeKSGMmZv0uL83hLn3agzwk0br+UTWeqxFnAwBlWqK8AvPgJd2ciNAkeKv1As2YXq/j59eHwE+d+SEWufmu6pzBDBa4tAlehT7avc9BCuDytCcT1dNe+As3akuJrdv1caPuMdrcdYxHfhOCikmWPBxIxZYHLtBt9+8B6Q3BySjbnhQcxLjuLFx+EjnhAzkNJuVfNEmuq0EYazn4zH4FmL0OcUuMkd7u1wUaCqMcvAiEtUNICKyA5V9syf+DsY69Adg8GIasIQKBgQDgOR6ogPcRblXjrbPn++fUN32MRJaS6SkXcwZV9rXDBnIQ5qOQC5gM0UjjARg7Od/qWvUTtHFui+O9DYV/nHBPWarPiU0a1SmHUE52/sJiMOsHw0QLE4cQ/ct5UCaukfKS9dF54QdBfiV4IW6JEJi8neAI8TId2uGmLlaWtJNF/QKBgQCW1MaoWoepsIsTl0I1HTrlDwQNP1hMb3uX8U264OrvxDOohIO3NTsDvhRPGrCKBnPOnpgqvu31X7Fg1n4Q5tXzkOSuVGkdK8MFXrHSUapDVJjmz4JLMeW9RxRGc4xP/YTsHu062f5fI8+V3zwN9eaxVmRgXdnLDstEtdSX7LHKJQKBgEkRtDD7Xgh7KVg56g/mYoUg1DQawer8OpzeqijnbhIxDoj9cD3n2VQL+7GmUKw0TwkDPSx/uBtrUPrx5hhQ9bSWJvjc6Jie8JqdDATxPo1bHax48LqfUXuzCVTuTrzC6QcFPo92SrQIFNPSKUBXfT6yQCkJ2OgrxS8vmJ4iGIBNAoGAfgouO87y4NUbUvKqK9JSPclPfHZ7pdvfLvhBGTIMgPG2rVKW8sjzmMwFEpld/uknavjSdZ35IXumsSJsVFlhXlitEBSPhgXkwR8Bf5woqH0QDIhI++clcQbtpXW3Qby7j8jEOtKhowU82aOi/pOHBJgJ5xFmBy5EpBVCIvZzF1UCgYAyC9HvhhcLLKEbjXaHfjFgDYnX+Bg3XOax2v5dlIiio1HTleT2lspIUPZtZycWVa5azA/NVyz6vTqeg03Bdo+t1EFZx9UlkL/6CnsPYewa51k0U8NH98B6y1qJqD5LYHF4R4gIecxqA1YY1rbj67uq1i9ZAAJqkJLLjyQmMxLVYw==');
/*!40000 ALTER TABLE `KEYSTORE` ENABLE KEYS */;
UNLOCK TABLES;

--
-- Table structure for table `LABEL`
--

DROP TABLE IF EXISTS `LABEL`;
SET @saved_cs_client     = @@character_set_client;
SET character_set_client = utf8;
CREATE TABLE `LABEL` (
  `LABELID` bigint(20) NOT NULL,
  `NAME` varchar(255) default NULL,
  `OWNER` varchar(255) default NULL,
  `NAMESPACE` varchar(255) default NULL,
  `CREATIONDATE` datetime default NULL,
  `LASTMODDATE` datetime default NULL,
  PRIMARY KEY  (`LABELID`),
  KEY `l_name_idx` (`NAME`),
  KEY `l_namespace_idx` (`NAMESPACE`),
  KEY `l_owner_idx` (`OWNER`)
) ENGINE=InnoDB DEFAULT CHARSET=latin1;
SET character_set_client = @saved_cs_client;

--
-- Dumping data for table `LABEL`
--

LOCK TABLES `LABEL` WRITE;
/*!40000 ALTER TABLE `LABEL` DISABLE KEYS */;
INSERT INTO `LABEL` VALUES (229377,'customer',NULL,'global','2010-06-15 15:28:25','2010-06-15 15:28:25'),(229378,'retrospective',NULL,'global','2010-06-15 15:28:25','2010-06-15 15:28:25'),(229379,'luv',NULL,'global','2010-06-15 15:28:25','2010-06-15 15:28:25'),(229380,'spec',NULL,'global','2010-06-15 15:28:25','2010-06-15 15:28:25'),(229381,'navigation',NULL,'global','2010-06-15 15:28:25','2010-06-15 15:28:25'),(229382,'example',NULL,'global','2010-06-15 15:28:25','2010-06-15 15:28:25'),(229383,'josh',NULL,'global','2010-06-15 15:28:25','2010-06-15 15:28:25'),(229384,'webinar',NULL,'global','2010-06-15 15:28:25','2010-06-15 15:28:25'),(229385,'goals',NULL,'global','2010-06-15 15:28:25','2010-06-15 15:28:25'),(229386,'quota',NULL,'global','2010-06-15 15:28:25','2010-06-15 15:28:25'),(229387,'target',NULL,'global','2010-06-15 15:28:25','2010-06-15 15:28:25'),(229388,'hr',NULL,'global','2010-06-15 15:28:25','2010-06-15 15:28:25'),(229389,'administrators',NULL,'global','2010-06-15 15:28:25','2010-06-15 15:28:25'),(229390,'advanced',NULL,'global','2010-06-15 15:28:25','2010-06-15 15:28:25'),(229391,'dev',NULL,'global','2010-06-15 15:28:25','2010-06-15 15:28:25'),(229392,'sales',NULL,'global','2010-06-15 15:28:25','2010-06-15 15:28:25'),(229393,'demo',NULL,'global','2010-06-15 15:28:25','2010-06-15 15:28:25'),(229394,'development',NULL,'global','2010-06-15 15:28:25','2010-06-15 15:28:25'),(229395,'specification',NULL,'global','2010-06-15 15:28:25','2010-06-15 15:28:25'),(229396,'website',NULL,'global','2010-06-15 15:28:25','2010-06-15 15:28:25'),(229397,'maven',NULL,'global','2010-06-15 15:28:25','2010-06-15 15:28:25'),(229398,'build',NULL,'global','2010-06-15 15:28:25','2010-06-15 15:28:25'),(229399,'confluence',NULL,'global','2010-06-15 15:28:25','2010-06-15 15:28:25'),(229400,'editors',NULL,'global','2010-06-15 15:28:25','2010-06-15 15:28:25'),(229401,'vacation',NULL,'global','2010-06-15 15:28:25','2010-06-15 15:28:25'),(229402,'rex',NULL,'global','2010-06-15 15:28:25','2010-06-15 15:28:25'),(229403,'quicknav',NULL,'global','2010-06-15 15:28:25','2010-06-15 15:28:25'),(229404,'milestone',NULL,'global','2010-06-15 15:28:25','2010-06-15 15:28:25'),(229405,'windows',NULL,'global','2010-06-15 15:28:25','2010-06-15 15:28:25');
/*!40000 ALTER TABLE `LABEL` ENABLE KEYS */;
UNLOCK TABLES;

--
-- Table structure for table `LINKS`
--

DROP TABLE IF EXISTS `LINKS`;
SET @saved_cs_client     = @@character_set_client;
SET character_set_client = utf8;
CREATE TABLE `LINKS` (
  `LINKID` bigint(20) NOT NULL,
  `DESTPAGETITLE` varchar(255) default NULL,
  `DESTSPACEKEY` varchar(255) NOT NULL,
  `CONTENTID` bigint(20) NOT NULL,
  `CREATOR` varchar(255) default NULL,
  `CREATIONDATE` datetime default NULL,
  `LASTMODIFIER` varchar(255) default NULL,
  `LASTMODDATE` datetime default NULL,
  PRIMARY KEY  (`LINKID`),
  KEY `l_contentid_idx` (`CONTENTID`),
  KEY `l_destspacekey_idx` (`DESTSPACEKEY`),
  CONSTRAINT `FK45157998DD41734` FOREIGN KEY (`CONTENTID`) REFERENCES `CONTENT` (`CONTENTID`)
) ENGINE=InnoDB DEFAULT CHARSET=latin1;
SET character_set_client = @saved_cs_client;

--
-- Dumping data for table `LINKS`
--

LOCK TABLES `LINKS` WRITE;
/*!40000 ALTER TABLE `LINKS` DISABLE KEYS */;
INSERT INTO `LINKS` VALUES (98305,'Updating your user profile','ds',32807,NULL,'2010-06-15 15:28:25',NULL,'2010-07-22 12:59:50'),(98306,'Adding content to a page','ds',32807,NULL,'2010-06-15 15:28:25',NULL,'2010-07-22 12:59:50'),(98307,'Have Fun','ds',32827,NULL,'2010-06-15 15:28:25',NULL,'2010-07-22 12:59:50'),(98308,'Company Birthday List','ds',32827,NULL,'2010-06-15 15:28:25',NULL,'2010-07-22 12:59:50'),(98309,'How the Talent Team at Atlassian use Confluence','ds',32827,NULL,'2010-06-15 15:28:25',NULL,'2010-07-22 12:59:50'),(98310,'Have Fun','ds',32827,NULL,'2010-06-15 15:28:25',NULL,'2010-07-22 12:59:50'),(98311,'Examples','ds',32827,NULL,'2010-06-15 15:28:25',NULL,'2010-07-22 12:59:50'),(98312,'How the Talent Team at Atlassian use Confluence','ds',32827,NULL,'2010-06-15 15:28:25',NULL,'2010-07-22 12:59:50'),(98313,'Company Induction','ds',32827,NULL,'2010-06-15 15:28:25',NULL,'2010-07-22 12:59:50'),(98314,'HR Policies and Procedures','ds',32827,NULL,'2010-06-15 15:28:25',NULL,'2010-07-22 12:59:50'),(98315,'Company Induction','ds',32827,NULL,'2010-06-15 15:28:25',NULL,'2010-07-22 12:59:50'),(98316,'Recruitment','ds',32827,NULL,'2010-06-15 15:28:25',NULL,'2010-07-22 12:59:50'),(98317,'HR Policies and Procedures','ds',32827,NULL,'2010-06-15 15:28:25',NULL,'2010-07-22 12:59:50'),(98318,'Buddy System','ds',32827,NULL,'2010-06-15 15:28:25',NULL,'2010-07-22 12:59:50'),(98319,'Recruitment','ds',32827,NULL,'2010-06-15 15:28:25',NULL,'2010-07-22 12:59:50'),(98320,'Company Birthday List','ds',32827,NULL,'2010-06-15 15:28:25',NULL,'2010-07-22 12:59:50'),(98321,'Buddy System','ds',32827,NULL,'2010-06-15 15:28:25',NULL,'2010-07-22 12:59:50'),(98322,'Atlassian Colours','ds',32791,NULL,'2010-06-15 15:28:25',NULL,'2010-07-22 12:59:50'),(98323,'Have Fun','ds',32774,NULL,'2010-06-15 15:28:25',NULL,'2010-07-22 12:59:50'),(98324,'Examples','ds',32774,NULL,'2010-06-15 15:28:25',NULL,'2010-07-22 12:59:50'),(98325,'Have Fun','ds',32774,NULL,'2010-06-15 15:28:25',NULL,'2010-07-22 12:59:50'),(98326,'Examples','ds',32791,NULL,'2010-06-15 15:28:25',NULL,'2010-07-22 12:59:50'),(98327,'Atlassian Colours','ds',32791,NULL,'2010-06-15 15:28:25',NULL,'2010-07-22 12:59:50'),(98328,'Examples','ds',32791,NULL,'2010-06-15 15:28:25',NULL,'2010-07-22 12:59:50'),(98329,'Examples','ds',32774,NULL,'2010-06-15 15:28:25',NULL,'2010-07-22 12:59:50'),(98330,'Featured Plugins','ds',32802,NULL,'2010-06-15 15:28:25',NULL,'2010-07-22 12:59:50'),(98331,'Examples','ds',32802,NULL,'2010-06-15 15:28:25',NULL,'2010-07-22 12:59:50'),(98332,'Tutorial','ds',32802,NULL,'2010-06-15 15:28:25',NULL,'2010-07-22 12:59:50'),(98333,'Advanced topics','ds',32802,NULL,'2010-06-15 15:28:25',NULL,'2010-07-22 12:59:50'),(98334,'//www.atlassian.com/software/confluence/features/','http',32795,NULL,'2010-06-15 15:28:25',NULL,'2010-07-22 12:59:50'),(98335,'//www.atlassian.com/software/confluence/features/','http',32795,NULL,'2010-06-15 15:28:25',NULL,'2010-07-22 12:59:50'),(98336,'//confluence.atlassian.com/x/_gG6D','http',32795,NULL,'2010-06-15 15:28:25',NULL,'2010-07-22 12:59:50'),(98337,'//confluence.atlassian.com/display/CONFEVAL/','http',32795,NULL,'2010-06-15 15:28:25',NULL,'2010-07-22 12:59:50'),(98338,'Company Induction','ds',32827,NULL,'2010-06-15 15:28:25',NULL,'2010-07-22 12:59:50'),(98339,'Company Induction','ds',32827,NULL,'2010-06-15 15:28:25',NULL,'2010-07-22 12:59:50'),(98340,'Examples','ds',32827,NULL,'2010-06-15 15:28:25',NULL,'2010-07-22 12:59:50'),(98341,'Examples','ds',32847,NULL,'2010-06-15 15:28:25',NULL,'2010-07-22 12:59:50'),(98342,'Team Blog','ds',32847,NULL,'2010-06-15 15:28:25',NULL,'2010-07-22 12:59:50'),(98343,'Examples','ds',32847,NULL,'2010-06-15 15:28:25',NULL,'2010-07-22 12:59:50'),(98344,'Team Blog','ds',32847,NULL,'2010-06-15 15:28:25',NULL,'2010-07-22 12:59:50'),(98345,'//confluence.atlassian.com/display/DOC/Confluence+User%27s+Guide','http',32795,NULL,'2010-06-15 15:28:25',NULL,'2010-07-22 12:59:50'),(98346,'//confluence.atlassian.com/display/DOC/Confluence+User%27s+Guide','http',32795,NULL,'2010-06-15 15:28:25',NULL,'2010-07-22 12:59:50'),(98347,'//confluence.atlassian.com/x/-QG6D','http',32795,NULL,'2010-06-15 15:28:25',NULL,'2010-07-22 12:59:50'),(98348,'//www.atlassian.com/software/confluence/wiki.jsp','http',32795,NULL,'2010-06-15 15:28:25',NULL,'2010-07-22 12:59:50'),(98349,'//confluence.atlassian.com/display/DOC/Confluence+Administrator%27s+Guide','http',32795,NULL,'2010-06-15 15:28:25',NULL,'2010-07-22 12:59:50'),(98350,'//confluence.atlassian.com/display/DOC/Confluence+Administrator%27s+Guide','http',32795,NULL,'2010-06-15 15:28:25',NULL,'2010-07-22 12:59:50'),(98351,'Example Design Team Page','ds',32830,NULL,'2010-06-15 15:28:25',NULL,'2010-07-22 12:59:50'),(98352,'Example Development Team Page','ds',32830,NULL,'2010-06-15 15:28:25',NULL,'2010-07-22 12:59:50'),(98353,'Example Human Resources Page','ds',32830,NULL,'2010-06-15 15:28:25',NULL,'2010-07-22 12:59:50'),(98354,'Example Sales Team Page','ds',32830,NULL,'2010-06-15 15:28:25',NULL,'2010-07-22 12:59:50'),(98355,'//plugins.atlassian.com/plugin/details/181','https',32789,NULL,'2010-06-15 15:28:25',NULL,'2010-07-22 12:59:50'),(98356,'//confluence.comalatech.com/display/AWP/Home','http',32790,NULL,'2010-06-15 15:28:25',NULL,'2010-07-22 12:59:50'),(98357,'//studio.plugins.atlassian.com/wiki/x/sYIi','https',32789,NULL,'2010-06-15 15:28:25',NULL,'2010-07-22 12:59:50'),(98358,'//plugins.atlassian.com/plugin/details/142','https',32790,NULL,'2010-06-15 15:28:25',NULL,'2010-07-22 12:59:50'),(98359,'//plugins.atlassian.com/search/by/confluence','https',32845,NULL,'2010-06-15 15:28:25',NULL,'2010-07-22 12:59:50'),(98360,'Plugins for Intranets','ds',32781,NULL,'2010-06-15 15:28:25',NULL,'2010-07-22 12:59:50'),(98361,'Plugins for Knowledge Management','ds',32781,NULL,'2010-06-15 15:28:25',NULL,'2010-07-22 12:59:50'),(98362,'Plugins for Documentation','ds',32781,NULL,'2010-06-15 15:28:25',NULL,'2010-07-22 12:59:50'),(98363,'//plugins.atlassian.com/plugin/details/123','https',32796,NULL,'2010-06-15 15:28:25',NULL,'2010-07-22 12:59:50'),(98364,'//studio.plugins.atlassian.com/wiki/x/aYAi','https',32796,NULL,'2010-06-15 15:28:25',NULL,'2010-07-22 12:59:50'),(98365,'Tutorial','ds',32856,NULL,'2010-06-15 15:28:25',NULL,'2010-07-22 12:59:50'),(98366,'//www.atlassian.com/software/confluence/features/','http',32785,NULL,'2010-06-15 15:28:25',NULL,'2010-07-22 12:59:50'),(98367,'//www.atlassian.com/software/confluence/solutions/','http',32785,NULL,'2010-06-15 15:28:25',NULL,'2010-07-22 12:59:50'),(98368,'//confluence.atlassian.com/display/CONFEVAL','http',32785,NULL,'2010-06-15 15:28:25',NULL,'2010-07-22 12:59:50'),(98369,'Advanced Topics','ds',32785,NULL,'2010-06-15 15:28:25',NULL,'2010-07-22 12:59:50'),(98370,'//confluence.atlassian.com/display/DOC/Confluence+User%27s+Guide','http',32785,NULL,'2010-06-15 15:28:25',NULL,'2010-07-22 12:59:50'),(98371,'//confluence.atlassian.com/display/DOC/Confluence+Administrator%27s+Guide','http',32785,NULL,'2010-06-15 15:28:25',NULL,'2010-07-22 12:59:50'),(98372,'//www.atlassian.com/software/confluence/wiki.jsp','http',32785,NULL,'2010-06-15 15:28:25',NULL,'2010-07-22 12:59:50'),(98373,'Tutorial','ds',32785,NULL,'2010-06-15 15:28:25',NULL,'2010-07-22 12:59:50'),(98374,'Sales Reports','ds',32842,NULL,'2010-06-15 15:28:25',NULL,'2010-07-22 12:59:50'),(98375,'Sales Tools','ds',32842,NULL,'2010-06-15 15:28:25',NULL,'2010-07-22 12:59:50'),(98376,'Sales Tools','ds',32842,NULL,'2010-06-15 15:28:25',NULL,'2010-07-22 12:59:50'),(98377,'Sales Reports','ds',32842,NULL,'2010-06-15 15:28:25',NULL,'2010-07-22 12:59:50'),(98378,'website link','http',32778,NULL,'2010-06-15 15:28:25',NULL,'2010-07-22 12:59:50'),(98379,'Meeting Notes','ds',32848,NULL,'2010-06-15 15:28:25',NULL,'2010-07-22 12:59:50'),(98380,'Meeting Notes','ds',32848,NULL,'2010-06-15 15:28:25',NULL,'2010-07-22 12:59:50'),(98381,'Meeting Notes','ds',32852,NULL,'2010-06-15 15:28:25',NULL,'2010-07-22 12:59:50'),(98382,'Meeting Notes','ds',32852,NULL,'2010-06-15 15:28:25',NULL,'2010-07-22 12:59:50'),(98383,'Meeting Notes','ds',32851,NULL,'2010-06-15 15:28:25',NULL,'2010-07-22 12:59:50'),(98384,'Meeting Notes','ds',32851,NULL,'2010-06-15 15:28:25',NULL,'2010-07-22 12:59:50'),(98385,'Team Blog','ds',32824,NULL,'2010-06-15 15:28:25',NULL,'2010-07-22 12:59:50'),(98386,'Meeting Notes','ds',32824,NULL,'2010-06-15 15:28:25',NULL,'2010-07-22 12:59:50'),(98387,'Team Blog','ds',32824,NULL,'2010-06-15 15:28:25',NULL,'2010-07-22 12:59:50'),(98388,'Meeting Notes','ds',32824,NULL,'2010-06-15 15:28:25',NULL,'2010-07-22 12:59:50'),(98389,'sponsors','http',32778,NULL,'2010-06-15 15:28:25',NULL,'2010-07-22 12:59:50'),(98390,'Example Sales Team Page','ds',32850,NULL,'2010-06-15 15:28:25',NULL,'2010-07-22 12:59:50'),(98391,'Example Sales Team Page','ds',32850,NULL,'2010-06-15 15:28:25',NULL,'2010-07-22 12:59:50'),(98392,'Sales Reports','ds',32850,NULL,'2010-06-15 15:28:25',NULL,'2010-07-22 12:59:50'),(98393,'Sales Reports','ds',32850,NULL,'2010-06-15 15:28:25',NULL,'2010-07-22 12:59:50'),(98394,'Meeting Notes','ds',32844,NULL,'2010-06-15 15:28:25',NULL,'2010-07-22 12:59:50'),(98395,'Team Blog','ds',32844,NULL,'2010-06-15 15:28:25',NULL,'2010-07-22 12:59:50'),(98396,'Sales Tools','ds',32844,NULL,'2010-06-15 15:28:25',NULL,'2010-07-22 12:59:50'),(98397,'Sales Reports','ds',32844,NULL,'2010-06-15 15:28:25',NULL,'2010-07-22 12:59:50'),(98398,'Examples','ds',32844,NULL,'2010-06-15 15:28:25',NULL,'2010-07-22 12:59:50'),(98399,'Josh','ds',32844,NULL,'2010-06-15 15:28:25',NULL,'2010-07-22 12:59:50'),(98400,'Josh','ds',32844,NULL,'2010-06-15 15:28:25',NULL,'2010-07-22 12:59:50'),(98401,'Meeting Notes','ds',32844,NULL,'2010-06-15 15:28:25',NULL,'2010-07-22 12:59:50'),(98402,'Sales Reports','ds',32844,NULL,'2010-06-15 15:28:25',NULL,'2010-07-22 12:59:50'),(98403,'Examples','ds',32844,NULL,'2010-06-15 15:28:25',NULL,'2010-07-22 12:59:50'),(98404,'Meeting Notes','ds',32844,NULL,'2010-06-15 15:28:25',NULL,'2010-07-22 12:59:50'),(98405,'Confluence Induction','ds',32818,NULL,'2010-06-15 15:28:25',NULL,'2010-07-22 12:59:50'),(98406,'Planned Feature Specifications','ds',32818,NULL,'2010-06-15 15:28:25',NULL,'2010-07-22 12:59:50'),(98407,'Confluence Induction','ds',32818,NULL,'2010-06-15 15:28:25',NULL,'2010-07-22 12:59:50'),(98408,'Planned Feature Specifications','ds',32818,NULL,'2010-06-15 15:28:25',NULL,'2010-07-22 12:59:50'),(98409,'Example Design Team Page','ds',32794,NULL,'2010-06-15 15:28:25',NULL,'2010-07-22 12:59:50'),(98410,'Atlassian Cotton','ds',32794,NULL,'2010-06-15 15:28:25',NULL,'2010-07-22 12:59:50'),(98411,'Leave Planning','ds',32815,NULL,'2010-06-15 15:28:25',NULL,'2010-07-22 12:59:50'),(98412,'Examples','ds',32815,NULL,'2010-06-15 15:28:25',NULL,'2010-07-22 12:59:50'),(98413,'//confluence.atlassian.com/display/CONFEXT','http',32815,NULL,'2010-06-15 15:28:25',NULL,'2010-07-22 12:59:50'),(98414,'//confluence.atlassian.com/display/~cmiller/Poker+Corner','http',32815,NULL,'2010-06-15 15:28:25',NULL,'2010-07-22 12:59:50'),(98415,'//confluence.atlassian.com/display/DOC','http',32815,NULL,'2010-06-15 15:28:25',NULL,'2010-07-22 12:59:50'),(98416,'//confluence.atlassian.com/display/DISC','http',32815,NULL,'2010-06-15 15:28:25',NULL,'2010-07-22 12:59:50'),(98417,'//svn.atlassian.com/fisheye/viewrep/public','http',32815,NULL,'2010-06-15 15:28:25',NULL,'2010-07-22 12:59:50'),(98418,'//resches.sydney.atlassian.com:8181/viewrep/AtlassianCVS','http',32815,NULL,'2010-06-15 15:28:25',NULL,'2010-07-22 12:59:50'),(98419,'//jira.atlassian.com','http',32815,NULL,'2010-06-15 15:28:25',NULL,'2010-07-22 12:59:50'),(98420,'//confluence.atlassian.com','http',32815,NULL,'2010-06-15 15:28:25',NULL,'2010-07-22 12:59:50'),(98421,'//jira.atlassian.com','http',32815,NULL,'2010-06-15 15:28:25',NULL,'2010-07-22 12:59:50'),(98422,'//confluence.atlassian.com/display/DOC','http',32815,NULL,'2010-06-15 15:28:25',NULL,'2010-07-22 12:59:50'),(98423,'//panda.sydney.atlassian.com:8080/bamboo/','http',32815,NULL,'2010-06-15 15:28:25',NULL,'2010-07-22 12:59:50'),(98424,'//keg.sydney.atlassian.com:8080/bamboo/','http',32815,NULL,'2010-06-15 15:28:25',NULL,'2010-07-22 12:59:50'),(98425,'Leave Planning','ds',32815,NULL,'2010-06-15 15:28:25',NULL,'2010-07-22 12:59:50'),(98426,'//lucene.apache.org','http',32815,NULL,'2010-06-15 15:28:25',NULL,'2010-07-22 12:59:50'),(98427,'//www.springframework.org','http',32815,NULL,'2010-06-15 15:28:25',NULL,'2010-07-22 12:59:50'),(98428,'//www.hibernate.org','http',32815,NULL,'2010-06-15 15:28:25',NULL,'2010-07-22 12:59:50'),(98429,'Examples','ds',32815,NULL,'2010-06-15 15:28:25',NULL,'2010-07-22 12:59:50'),(98430,'PowerPoint Templates','ds',32800,NULL,'2010-06-15 15:28:25',NULL,'2010-07-22 12:59:50'),(98431,'Atlassian Cotton','ds',32800,NULL,'2010-06-15 15:28:25',NULL,'2010-07-22 12:59:50'),(98432,'PowerPoint Templates','ds',32800,NULL,'2010-06-15 15:28:25',NULL,'2010-07-22 12:59:50'),(98433,'Atlassian Cotton','ds',32800,NULL,'2010-06-15 15:28:25',NULL,'2010-07-22 12:59:50'),(98434,'Atlassian Logos','ds',32799,NULL,'2010-06-15 15:28:25',NULL,'2010-07-22 12:59:50'),(98435,'Atlassian Colours','ds',32799,NULL,'2010-06-15 15:28:25',NULL,'2010-07-22 12:59:50'),(98436,'Atlassian Logos','ds',32799,NULL,'2010-06-15 15:28:25',NULL,'2010-07-22 12:59:50'),(98437,'Atlassian Colours','ds',32799,NULL,'2010-06-15 15:28:25',NULL,'2010-07-22 12:59:50'),(98438,'Atlassian Cotton','ds',32794,NULL,'2010-06-15 15:28:25',NULL,'2010-07-22 12:59:50'),(98439,'Example Design Team Page','ds',32794,NULL,'2010-06-15 15:28:25',NULL,'2010-07-22 12:59:50'),(98440,'Example Human Resources Page','ds',32793,NULL,'2010-06-15 15:28:25',NULL,'2010-07-22 12:59:50'),(98441,'Company Birthday List','ds',32837,NULL,'2010-06-15 15:28:25',NULL,'2010-07-22 12:59:50'),(98442,'Company Birthday List','ds',32837,NULL,'2010-06-15 15:28:25',NULL,'2010-07-22 12:59:50'),(98443,'Recruitment','ds',32837,NULL,'2010-06-15 15:28:25',NULL,'2010-07-22 12:59:50'),(98444,'Recruitment','ds',32837,NULL,'2010-06-15 15:28:25',NULL,'2010-07-22 12:59:50'),(98445,'Confluence Roadmap','ds',32771,NULL,'2010-06-15 15:28:25',NULL,'2010-07-22 12:59:50'),(98446,'Confluence Roadmap','ds',32771,NULL,'2010-06-15 15:28:25',NULL,'2010-07-22 12:59:50'),(98447,'Atlassian Logos','ds',32801,NULL,'2010-06-15 15:28:25',NULL,'2010-07-22 12:59:50'),(98448,'unknown','ds',32801,NULL,'2010-06-15 15:28:25',NULL,'2010-07-22 12:59:50'),(98449,'unknown','ds',32801,NULL,'2010-06-15 15:28:25',NULL,'2010-07-22 12:59:50'),(98450,'Examples','ds',32801,NULL,'2010-06-15 15:28:25',NULL,'2010-07-22 12:59:50'),(98451,'Atlassian Logos','ds',32801,NULL,'2010-06-15 15:28:25',NULL,'2010-07-22 12:59:50'),(98452,'//mockupstogo.net/','http',32858,NULL,'2010-06-15 15:28:25',NULL,'2010-07-22 12:59:50'),(98453,'//plugins.atlassian.com/plugin/details/256','https',32858,NULL,'2010-06-15 15:28:25',NULL,'2010-07-22 12:59:50'),(98454,'//www.adaptavist.com/display/ADAPTAVIST/Builder','http',32861,NULL,'2010-06-15 15:28:25',NULL,'2010-07-22 12:59:50'),(98455,'//plugins.atlassian.com/plugin/details/13887','https',32861,NULL,'2010-06-15 15:28:25',NULL,'2010-07-22 12:59:50'),(98456,'//plugins.atlassian.com/plugin/details/15231','https',32861,NULL,'2010-06-15 15:28:25',NULL,'2010-07-22 12:59:50'),(98457,'//refinedwiki.com/en/display/products/product-demonstration.aspx','http',32861,NULL,'2010-06-15 15:28:25',NULL,'2010-07-22 12:59:50'),(98458,'//confluence.atlassian.com/x/y4iUD','http',32861,NULL,'2010-06-15 15:28:25',NULL,'2010-07-22 12:59:50'),(98459,'//support.taskdock.com/forums/68995/entries','http',32853,NULL,'2010-06-15 15:28:25',NULL,'2010-07-22 12:59:50'),(98460,'//www.taskdock.com/product/index.jsp','http',32853,NULL,'2010-06-15 15:28:25',NULL,'2010-07-22 12:59:50'),(98461,'//studio.plugins.atlassian.com/wiki/x/BYEi','https',32849,NULL,'2010-06-15 15:28:25',NULL,'2010-07-22 12:59:50'),(98462,'Using the Dashboard','ds',32806,NULL,'2010-06-15 15:28:25',NULL,'2010-07-22 12:59:50'),(98463,'//confluence.atlassian.com/x/yyAC','http',32806,NULL,'2010-06-15 15:28:25',NULL,'2010-07-22 12:59:50'),(98464,'Adding a comment to a page','ds',32806,NULL,'2010-06-15 15:28:25',NULL,'2010-07-22 12:59:50'),(98465,'unknown','ds',32846,NULL,'2010-06-15 15:28:25',NULL,'2010-07-22 12:59:50'),(98466,'unknown','ds',32846,NULL,'2010-06-15 15:28:25',NULL,'2010-07-22 12:59:50'),(98467,'unknown','ds',32846,NULL,'2010-06-15 15:28:25',NULL,'2010-07-22 12:59:50'),(98468,'unknown','ds',32846,NULL,'2010-06-15 15:28:25',NULL,'2010-07-22 12:59:50'),(98469,'unknown','ds',32846,NULL,'2010-06-15 15:28:25',NULL,'2010-07-22 12:59:50'),(98470,'unknown','ds',32798,NULL,'2010-06-15 15:28:25',NULL,'2010-07-22 12:59:50'),(98471,'unknown','ds',32798,NULL,'2010-06-15 15:28:25',NULL,'2010-07-22 12:59:50'),(98472,'unknown','ds',32798,NULL,'2010-06-15 15:28:25',NULL,'2010-07-22 12:59:50'),(98473,'unknown','ds',32798,NULL,'2010-06-15 15:28:25',NULL,'2010-07-22 12:59:50'),(98474,'unknown','ds',32798,NULL,'2010-06-15 15:28:25',NULL,'2010-07-22 12:59:50'),(98475,'unknown','ds',32846,NULL,'2010-06-15 15:28:25',NULL,'2010-07-22 12:59:50'),(98476,'//plugins.atlassian.com/plugin/details/254','https',32854,NULL,'2010-06-15 15:28:25',NULL,'2010-07-22 12:59:50'),(98477,'Have Fun','ds',32829,NULL,'2010-06-15 15:28:25',NULL,'2010-07-22 12:59:50'),(98478,'Buddy List','ds',32829,NULL,'2010-06-15 15:28:25',NULL,'2010-07-22 12:59:50'),(98479,'Company Birthday List','ds',32838,NULL,'2010-06-15 15:28:25',NULL,'2010-07-22 12:59:50'),(98480,'Have Fun','ds',32829,NULL,'2010-06-15 15:28:25',NULL,'2010-07-22 12:59:50'),(98481,'Buddy List','ds',32829,NULL,'2010-06-15 15:28:25',NULL,'2010-07-22 12:59:50'),(98482,'How the Talent Team at Atlassian use Confluence','ds',32838,NULL,'2010-06-15 15:28:25',NULL,'2010-07-22 12:59:50'),(98483,'Company Birthday List','ds',32838,NULL,'2010-06-15 15:28:25',NULL,'2010-07-22 12:59:50'),(98484,'How the Talent Team at Atlassian use Confluence','ds',32838,NULL,'2010-06-15 15:28:25',NULL,'2010-07-22 12:59:50'),(98485,'Using the menus','ds',32820,NULL,'2010-06-15 15:28:25',NULL,'2010-07-22 12:59:50'),(98486,'unknown','ds',32859,NULL,'2010-06-15 15:28:25',NULL,'2010-07-22 12:59:50'),(98487,'unknown','ds',32859,NULL,'2010-06-15 15:28:25',NULL,'2010-07-22 12:59:50'),(98488,'unknown','ds',32859,NULL,'2010-06-15 15:28:25',NULL,'2010-07-22 12:59:50'),(98489,'unknown','ds',32859,NULL,'2010-06-15 15:28:25',NULL,'2010-07-22 12:59:50'),(98490,'unknown','ds',32859,NULL,'2010-06-15 15:28:25',NULL,'2010-07-22 12:59:50'),(98491,'unknown','ds',32859,NULL,'2010-06-15 15:28:25',NULL,'2010-07-22 12:59:50'),(98492,'Planned Feature Specifications','ds',32857,NULL,'2010-06-15 15:28:25',NULL,'2010-07-22 12:59:50'),(98493,'Insert Menu Spec','ds',32857,NULL,'2010-06-15 15:28:25',NULL,'2010-07-22 12:59:50'),(98494,'Planned Feature Specifications','ds',32857,NULL,'2010-06-15 15:28:25',NULL,'2010-07-22 12:59:50'),(98495,'//confluence.atlassian.com/x/I-AC','http',32777,NULL,'2010-06-15 15:28:25',NULL,'2010-07-22 12:59:50'),(98496,'//atlassian.com/software/jira','http',32777,NULL,'2010-06-15 15:28:25',NULL,'2010-07-22 12:59:50'),(98497,'//confluence.atlassian.com/x/dCAC','http',32777,NULL,'2010-06-15 15:28:25',NULL,'2010-07-22 12:59:50'),(98498,'//confluence.atlassian.com/display/DOC/Working+with+Macros','http',32786,NULL,'2010-06-15 15:28:25',NULL,'2010-07-22 12:59:50'),(98499,'Tutorial','ds',32811,NULL,'2010-06-15 15:28:25',NULL,'2010-07-22 12:59:50'),(98500,'//www.hrawards.com.au/categories.asp?id=80','http',32828,NULL,'2010-06-15 15:28:25',NULL,'2010-07-22 12:59:50'),(98501,'//www.hrawards.com.au/categories.asp?id=70','http',32828,NULL,'2010-06-15 15:28:25',NULL,'2010-07-22 12:59:50'),(98502,'//www.awards.ahri.com.au/categories/initiatives.htm','http',32828,NULL,'2010-06-15 15:28:25',NULL,'2010-07-22 12:59:50'),(98503,'//blogs.atlassian.com/confluence/2009/11/atlassian-is-helping-change-the-face-of-mens-health.html','http',32839,NULL,'2010-06-15 15:28:25',NULL,'2010-07-22 12:59:50'),(98504,'//twitter.com/jsloat','http',32839,NULL,'2010-06-15 15:28:25',NULL,'2010-07-22 12:59:50'),(98505,'//plugins.atlassian.com/plugin/details/195','https',32839,NULL,'2010-06-15 15:28:25',NULL,'2010-07-22 12:59:50'),(98506,'Examples','ds',32819,NULL,'2010-06-15 15:28:25',NULL,'2010-07-22 12:59:50'),(98507,'Confluence Roadmap','ds',32819,NULL,'2010-06-15 15:28:25',NULL,'2010-07-22 12:59:50'),(98508,'Confluence Roadmap','ds',32819,NULL,'2010-06-15 15:28:25',NULL,'2010-07-22 12:59:50'),(98509,'Planned Feature Specifications','ds',32819,NULL,'2010-06-15 15:28:25',NULL,'2010-07-22 12:59:50'),(98510,'Confluence 3.3 Release Dashboard','ds',32819,NULL,'2010-06-15 15:28:25',NULL,'2010-07-22 12:59:50'),(98511,'Confluence Induction','ds',32819,NULL,'2010-06-15 15:28:25',NULL,'2010-07-22 12:59:50'),(98512,'Leave Planning','ds',32819,NULL,'2010-06-15 15:28:25',NULL,'2010-07-22 12:59:50'),(98513,'Confluence Roadmap','ds',32819,NULL,'2010-06-15 15:28:25',NULL,'2010-07-22 12:59:50'),(98514,'Examples','ds',32819,NULL,'2010-06-15 15:28:25',NULL,'2010-07-22 12:59:50'),(98515,'Confluence 3.3 Release Dashboard','ds',32816,NULL,'2010-06-15 15:28:25',NULL,'2010-07-22 12:59:50'),(98516,'Leave Planning','ds',32816,NULL,'2010-06-15 15:28:25',NULL,'2010-07-22 12:59:50'),(98517,'Confluence 3.3 Release Dashboard','ds',32816,NULL,'2010-06-15 15:28:25',NULL,'2010-07-22 12:59:50'),(98518,'Leave Planning','ds',32816,NULL,'2010-06-15 15:28:25',NULL,'2010-07-22 12:59:50'),(98519,'Example Development Team Page','ds',32769,NULL,'2010-06-15 15:28:25',NULL,'2010-07-22 12:59:50'),(98520,'Confluence 3.3 Release Dashboard','ds',32769,NULL,'2010-06-15 15:28:25',NULL,'2010-07-22 12:59:50'),(98521,'//developer.atlassian.com/jira/browse/WORDDV-101','http',32769,NULL,'2010-06-15 15:28:25',NULL,'2010-07-22 12:59:50'),(98522,'//jira.atlassian.com/browse/CONF-12006','http',32769,NULL,'2010-06-15 15:28:25',NULL,'2010-07-22 12:59:50'),(98523,'Insert Menu Spec','ds',32769,NULL,'2010-06-15 15:28:25',NULL,'2010-07-22 12:59:50'),(98524,'Image Browser Spec','ds',32769,NULL,'2010-06-15 15:28:25',NULL,'2010-07-22 12:59:50'),(98525,'Macro Browser Spec','ds',32769,NULL,'2010-06-15 15:28:25',NULL,'2010-07-22 12:59:50'),(98526,'Community - Hover Profile','ds',32769,NULL,'2010-06-15 15:28:25',NULL,'2010-07-22 12:59:50'),(98527,'Community - Profile','ds',32769,NULL,'2010-06-15 15:28:25',NULL,'2010-07-22 12:59:50'),(98528,'//jira.atlassian.com/browse/CONF-2079','http',32769,NULL,'2010-06-15 15:28:25',NULL,'2010-07-22 12:59:50'),(98529,'Example Development Team Page','ds',32769,NULL,'2010-06-15 15:28:25',NULL,'2010-07-22 12:59:50'),(98530,'Confluence 3.3 Release Dashboard','ds',32769,NULL,'2010-06-15 15:28:25',NULL,'2010-07-22 12:59:50'),(98531,'Confluence Roadmap','ds',32817,NULL,'2010-06-15 15:28:25',NULL,'2010-07-22 12:59:50'),(98532,'//jira.atlassian.com/browse/CONF-13073','http',32817,NULL,'2010-06-15 15:28:25',NULL,'2010-07-22 12:59:50'),(98533,'//jira.atlassian.com/browse/CONF-13062','http',32817,NULL,'2010-06-15 15:28:25',NULL,'2010-07-22 12:59:50'),(98534,'//jira.atlassian.com/browse/CONF-13158','http',32817,NULL,'2010-06-15 15:28:25',NULL,'2010-07-22 12:59:50'),(98535,'//jira.atlassian.com/browse/CONF-12943','http',32817,NULL,'2010-06-15 15:28:25',NULL,'2010-07-22 12:59:50'),(98536,'//jira.atlassian.com/browse/CONF-10769','http',32817,NULL,'2010-06-15 15:28:25',NULL,'2010-07-22 12:59:50'),(98537,'Planned Feature Specifications','ds',32817,NULL,'2010-06-15 15:28:25',NULL,'2010-07-22 12:59:50'),(98538,'Confluence Roadmap','ds',32817,NULL,'2010-06-15 15:28:25',NULL,'2010-07-22 12:59:50'),(98539,'Planned Feature Specifications','ds',32817,NULL,'2010-06-15 15:28:25',NULL,'2010-07-22 12:59:50'),(98540,'Confluence Roadmap','ds',32776,NULL,'2010-06-15 15:28:25',NULL,'2010-07-22 12:59:50'),(98541,'Confluence Roadmap','ds',32775,NULL,'2010-06-15 15:28:25',NULL,'2010-07-22 12:59:50'),(98542,'Confluence Roadmap','ds',32775,NULL,'2010-06-15 15:28:25',NULL,'2010-07-22 12:59:50'),(98543,'Confluence Roadmap','ds',32776,NULL,'2010-06-15 15:28:25',NULL,'2010-07-22 12:59:50'),(98544,'Using the menus','ds',32812,NULL,'2010-06-15 15:28:25',NULL,'2010-07-22 12:59:50'),(98545,'Creating a page','ds',32812,NULL,'2010-06-15 15:28:25',NULL,'2010-07-22 12:59:50'),(98546,'Using the menus','ds',32812,NULL,'2010-06-15 15:28:25',NULL,'2010-07-22 12:59:50'),(98547,'//confluence.atlassian.com/x/DyEC','http',32812,NULL,'2010-06-15 15:28:25',NULL,'2010-07-22 12:59:50'),(98548,'//confluence.atlassian.com/display/DOC/Space+Permissions+Overview','http',32812,NULL,'2010-06-15 15:28:25',NULL,'2010-07-22 12:59:50'),(98549,'//confluence.atlassian.com/x/pyAC','http',32779,NULL,'2010-06-15 15:28:25',NULL,'2010-07-22 12:59:50'),(98550,'//confluence.atlassian.com/x/OxcC','http',32779,NULL,'2010-06-15 15:28:25',NULL,'2010-07-22 12:59:50'),(98551,'Creating a space','ds',32805,NULL,'2010-06-15 15:28:25',NULL,'2010-07-22 12:59:50'),(98552,'Adding content to a page','ds',32805,NULL,'2010-06-15 15:28:25',NULL,'2010-07-22 12:59:50'),(98553,'Creating a space','ds',32805,NULL,'2010-06-15 15:28:25',NULL,'2010-07-22 12:59:50'),(98554,'Media Browser Spec','ds',32860,NULL,'2010-06-15 15:28:25',NULL,'2010-07-22 12:59:50'),(98555,'Planned Feature Specifications','ds',32860,NULL,'2010-06-15 15:28:25',NULL,'2010-07-22 12:59:50'),(98556,'Planned Feature Specifications','ds',32813,NULL,'2010-06-15 15:28:25',NULL,'2010-07-22 12:59:50'),(98557,'Planned Feature Specifications','ds',32813,NULL,'2010-06-15 15:28:25',NULL,'2010-07-22 12:59:50'),(98558,'Planned Feature Specifications','ds',32860,NULL,'2010-06-15 15:28:25',NULL,'2010-07-22 12:59:50'),(98559,'HR Policies and Procedures','ds',32832,NULL,'2010-06-15 15:28:25',NULL,'2010-07-22 12:59:50'),(98560,'Buddy System','ds',32832,NULL,'2010-06-15 15:28:25',NULL,'2010-07-22 12:59:50'),(98561,'Company Induction','ds',32834,NULL,'2010-06-15 15:28:25',NULL,'2010-07-22 12:59:50'),(98562,'Recruitment','ds',32834,NULL,'2010-06-15 15:28:25',NULL,'2010-07-22 12:59:50'),(98563,'HR Policies and Procedures','ds',32832,NULL,'2010-06-15 15:28:25',NULL,'2010-07-22 12:59:50'),(98564,'Buddy System','ds',32832,NULL,'2010-06-15 15:28:25',NULL,'2010-07-22 12:59:50'),(98565,'HR Policies and Procedures','ds',32836,NULL,'2010-06-15 15:28:25',NULL,'2010-07-22 12:59:50'),(98566,'Example Human Resources Page','ds',32836,NULL,'2010-06-15 15:28:25',NULL,'2010-07-22 12:59:50'),(98567,'Recruitment','ds',32834,NULL,'2010-06-15 15:28:25',NULL,'2010-07-22 12:59:50'),(98568,'Company Induction','ds',32834,NULL,'2010-06-15 15:28:25',NULL,'2010-07-22 12:59:50'),(98569,'HR Policies and Procedures','ds',32836,NULL,'2010-06-15 15:28:25',NULL,'2010-07-22 12:59:50'),(98570,'Example Human Resources Page','ds',32836,NULL,'2010-06-15 15:28:25',NULL,'2010-07-22 12:59:50'),(98571,'Home','ds',32803,NULL,'2010-06-15 15:28:25',NULL,'2010-07-22 12:59:50'),(98572,'Creating a space','ds',32803,NULL,'2010-06-15 15:28:25',NULL,'2010-07-22 12:59:50'),(98573,'Creating a page','ds',32804,NULL,'2010-06-15 15:28:25',NULL,'2010-07-22 12:59:50'),(98574,'//confluence.atlassian.com/x/jhYC','http',32804,NULL,'2010-06-15 15:28:25',NULL,'2010-07-22 12:59:50'),(98575,'//confluence.atlassian.com/x/8RUC','http',32804,NULL,'2010-06-15 15:28:25',NULL,'2010-07-22 12:59:50'),(98576,'//confluence.atlassian.com/x/DxUC','http',32804,NULL,'2010-06-15 15:28:25',NULL,'2010-07-22 12:59:50'),(98577,'Creating a page','ds',32804,NULL,'2010-06-15 15:28:25',NULL,'2010-07-22 12:59:50'),(98578,'Using the Dashboard','ds',32804,NULL,'2010-06-15 15:28:25',NULL,'2010-07-22 12:59:50'),(98579,'Using the Dashboard','ds',32810,NULL,'2010-06-15 15:28:25',NULL,'2010-07-22 12:59:50'),(98580,'Creating a page','ds',32810,NULL,'2010-06-15 15:28:25',NULL,'2010-07-22 12:59:50'),(98581,'Creating a blog post','ds',32810,NULL,'2010-06-15 15:28:25',NULL,'2010-07-22 12:59:50'),(98582,'Updating your user profile','ds',32810,NULL,'2010-06-15 15:28:25',NULL,'2010-07-22 12:59:50'),(98583,'Updating your user profile','ds',32810,NULL,'2010-06-15 15:28:25',NULL,'2010-07-22 12:59:50'),(98584,'Creating a space','ds',32808,NULL,'2010-06-15 15:28:25',NULL,'2010-07-22 12:59:50'),(98585,'Advanced topics','ds',32808,NULL,'2010-06-15 15:28:25',NULL,'2010-07-22 12:59:50'),(98586,'Examples','ds',32808,NULL,'2010-06-15 15:28:25',NULL,'2010-07-22 12:59:50'),(98587,'Adding a comment to a page','ds',32808,NULL,'2010-06-15 15:28:25',NULL,'2010-07-22 12:59:50'),(98588,'More information','ds',32808,NULL,'2010-06-15 15:28:25',NULL,'2010-07-22 12:59:50'),(98589,'Tutorial','ds',32792,NULL,'2010-06-15 15:28:25',NULL,'2010-07-22 12:59:50'),(98590,'Creating a page','ds',32770,NULL,'2010-06-15 15:28:25',NULL,'2010-07-22 12:59:50'),(98591,'my new page','ds',32770,NULL,'2010-06-15 15:28:25',NULL,'2010-07-22 12:59:50'),(98592,'//confluence.atlassian.com/x/CyEC','http',32770,NULL,'2010-06-15 15:28:25',NULL,'2010-07-22 12:59:50'),(98593,'Team Blog','ds',32809,NULL,'2010-06-15 15:28:25',NULL,'2010-07-22 12:59:50'),(98594,'//confluence.atlassian.com/x/4xQC','http',32787,NULL,'2010-06-15 15:28:25',NULL,'2010-07-22 12:59:50'),(98595,'//confluence.atlassian.com/x/fiAC','http',32782,NULL,'2010-06-15 15:28:25',NULL,'2010-07-22 12:59:50'),(98596,'//confluence.atlassian.com/x/7iAC','http',32773,NULL,'2010-06-15 15:28:25',NULL,'2010-07-22 12:59:50'),(98597,'//confluence.atlassian.com/x/cCAC].','http',32770,NULL,'2010-06-15 15:28:25',NULL,'2010-07-22 12:59:50'),(98598,'//textism.com/tools/textile/','http',32772,NULL,'2010-06-15 15:28:25',NULL,'2010-07-22 12:59:50'),(98599,'//confluence.atlassian.com/x/cCAC','http',32770,NULL,'2010-06-15 15:28:25',NULL,'2010-07-22 12:59:50'),(98600,'//confluence.atlassian.com/x/fSAC','http',32770,NULL,'2010-06-15 15:28:25',NULL,'2010-07-22 12:59:50'),(98601,'//confluence.atlassian.com/x/9yAC','http',32780,NULL,'2010-06-15 15:28:25',NULL,'2010-07-22 12:59:50'),(98602,'//jakarta.apache.org/lucene','http',32780,NULL,'2010-06-15 15:28:25',NULL,'2010-07-22 12:59:50'),(98603,'//confluence.atlassian.com/x/CyEC','http',32772,NULL,'2010-06-15 15:28:25',NULL,'2010-07-22 12:59:50'),(98604,'//confluence.atlassian.com/x/3RUC','http',32772,NULL,'2010-06-15 15:28:25',NULL,'2010-07-22 12:59:50'),(98605,'//confluence.atlassian.com/x/qiAC','http',32784,NULL,'2010-06-15 15:28:25',NULL,'2010-07-22 12:59:50'),(98606,'Tutorial','ds',32814,NULL,'2010-06-15 15:28:25',NULL,'2010-07-22 12:59:50'),(98607,'//confluence.atlassian.com/x/CCEC','http',32780,NULL,'2010-06-15 15:28:25',NULL,'2010-07-22 12:59:50'),(98608,'Creating a space','ds',32814,NULL,'2010-06-15 15:28:25',NULL,'2010-07-22 12:59:50'),(98609,'//confluence.atlassian.com/x/fSAC','http',32814,NULL,'2010-06-15 15:28:25',NULL,'2010-07-22 12:59:50');
/*!40000 ALTER TABLE `LINKS` ENABLE KEYS */;
UNLOCK TABLES;

--
-- Table structure for table `NOTIFICATIONS`
--

DROP TABLE IF EXISTS `NOTIFICATIONS`;
SET @saved_cs_client     = @@character_set_client;
SET character_set_client = utf8;
CREATE TABLE `NOTIFICATIONS` (
  `NOTIFICATIONID` bigint(20) NOT NULL,
  `PAGEID` bigint(20) default NULL,
  `SPACEID` bigint(20) default NULL,
  `USERNAME` varchar(255) NOT NULL,
  `CREATOR` varchar(255) default NULL,
  `CREATIONDATE` datetime default NULL,
  `LASTMODIFIER` varchar(255) default NULL,
  `LASTMODDATE` datetime default NULL,
  `DIGEST` bit(1) default NULL,
  `NETWORK` bit(1) default NULL,
  `CONTENTTYPE` varchar(255) default NULL,
  PRIMARY KEY  (`NOTIFICATIONID`),
  KEY `n_pageid_idx` (`PAGEID`),
  KEY `n_spaceid_idx` (`SPACEID`),
  CONSTRAINT `FK594ACC88C38FBEA` FOREIGN KEY (`PAGEID`) REFERENCES `CONTENT` (`CONTENTID`),
  CONSTRAINT `FK594ACC8B2DC6081` FOREIGN KEY (`SPACEID`) REFERENCES `SPACES` (`SPACEID`)
) ENGINE=InnoDB DEFAULT CHARSET=latin1;
SET character_set_client = @saved_cs_client;

--
-- Dumping data for table `NOTIFICATIONS`
--

LOCK TABLES `NOTIFICATIONS` WRITE;
/*!40000 ALTER TABLE `NOTIFICATIONS` DISABLE KEYS */;
/*!40000 ALTER TABLE `NOTIFICATIONS` ENABLE KEYS */;
UNLOCK TABLES;

--
-- Table structure for table `OS_PROPERTYENTRY`
--

DROP TABLE IF EXISTS `OS_PROPERTYENTRY`;
SET @saved_cs_client     = @@character_set_client;
SET character_set_client = utf8;
CREATE TABLE `OS_PROPERTYENTRY` (
  `entity_name` varchar(125) NOT NULL,
  `entity_id` bigint(20) NOT NULL,
  `entity_key` varchar(200) NOT NULL,
  `key_type` int(11) default NULL,
  `boolean_val` bit(1) default NULL,
  `double_val` double default NULL,
  `string_val` varchar(255) default NULL,
  `text_val` mediumtext,
  `long_val` bigint(20) default NULL,
  `int_val` int(11) default NULL,
  `date_val` datetime default NULL,
  PRIMARY KEY  (`entity_name`,`entity_id`,`entity_key`),
  KEY `ospe_entityid_idx` (`entity_id`)
) ENGINE=InnoDB DEFAULT CHARSET=latin1;
SET character_set_client = @saved_cs_client;

--
-- Dumping data for table `OS_PROPERTYENTRY`
--

LOCK TABLES `OS_PROPERTYENTRY` WRITE;
/*!40000 ALTER TABLE `OS_PROPERTYENTRY` DISABLE KEYS */;
/*!40000 ALTER TABLE `OS_PROPERTYENTRY` ENABLE KEYS */;
UNLOCK TABLES;

--
-- Table structure for table `PAGETEMPLATES`
--

DROP TABLE IF EXISTS `PAGETEMPLATES`;
SET @saved_cs_client     = @@character_set_client;
SET character_set_client = utf8;
CREATE TABLE `PAGETEMPLATES` (
  `TEMPLATEID` bigint(20) NOT NULL,
  `TEMPLATENAME` varchar(255) NOT NULL,
  `TEMPLATEDESC` varchar(255) default NULL,
  `LABELS` varchar(255) default NULL,
  `CONTENT` mediumtext,
  `SPACEID` bigint(20) default NULL,
  `PREVVER` bigint(20) default NULL,
  `VERSION` int(11) NOT NULL,
  `CREATOR` varchar(255) default NULL,
  `CREATIONDATE` datetime default NULL,
  `LASTMODIFIER` varchar(255) default NULL,
  `LASTMODDATE` datetime default NULL,
  PRIMARY KEY  (`TEMPLATEID`),
  KEY `pt_spaceid_idx` (`SPACEID`),
  KEY `pt_prevver_idx` (`PREVVER`),
  CONSTRAINT `FKBC7CE96A17D4A070` FOREIGN KEY (`PREVVER`) REFERENCES `PAGETEMPLATES` (`TEMPLATEID`),
  CONSTRAINT `FKBC7CE96AB2DC6081` FOREIGN KEY (`SPACEID`) REFERENCES `SPACES` (`SPACEID`)
) ENGINE=InnoDB DEFAULT CHARSET=latin1;
SET character_set_client = @saved_cs_client;

--
-- Dumping data for table `PAGETEMPLATES`
--

LOCK TABLES `PAGETEMPLATES` WRITE;
/*!40000 ALTER TABLE `PAGETEMPLATES` DISABLE KEYS */;
INSERT INTO `PAGETEMPLATES` VALUES (196609,'Meeting Notes','Template for Creating Meeting Notes','','h3. Meeting Notes for [Date]\n\nh3. Attendees\n*\n*\n*\n\nh3. Completed last week\n*\n*\n*\n\nh3. Working on this week\n*\n*\n*\n\nh3. Sales update\n*\n*\n*\n\nh3. Miscellaneous\n*\n*\n*\n\\\\\n\\\\\n{warning:title=Warning: Sample Content}This is sample content that comes included with Confluence for the purposes of demonstrating how the product can be used.{warning}',65537,NULL,1,NULL,'2010-06-15 15:28:25',NULL,'2010-07-22 12:59:50');
/*!40000 ALTER TABLE `PAGETEMPLATES` ENABLE KEYS */;
UNLOCK TABLES;

--
-- Table structure for table `PLUGINDATA`
--

DROP TABLE IF EXISTS `PLUGINDATA`;
SET @saved_cs_client     = @@character_set_client;
SET character_set_client = utf8;
CREATE TABLE `PLUGINDATA` (
  `PLUGINDATAID` bigint(20) NOT NULL,
  `PLUGINKEY` varchar(255) NOT NULL,
  `FILENAME` varchar(255) NOT NULL,
  `LASTMODDATE` datetime default NULL,
  `DATA` longblob,
  PRIMARY KEY  (`PLUGINDATAID`),
  UNIQUE KEY `PLUGINKEY` (`PLUGINKEY`),
  UNIQUE KEY `FILENAME` (`FILENAME`)
) ENGINE=InnoDB DEFAULT CHARSET=latin1;
SET character_set_client = @saved_cs_client;

--
-- Dumping data for table `PLUGINDATA`
--

LOCK TABLES `PLUGINDATA` WRITE;
/*!40000 ALTER TABLE `PLUGINDATA` DISABLE KEYS */;
/*!40000 ALTER TABLE `PLUGINDATA` ENABLE KEYS */;
UNLOCK TABLES;

--
-- Table structure for table `SPACEGROUPPERMISSIONS`
--

DROP TABLE IF EXISTS `SPACEGROUPPERMISSIONS`;
SET @saved_cs_client     = @@character_set_client;
SET character_set_client = utf8;
CREATE TABLE `SPACEGROUPPERMISSIONS` (
  `SPACEGROUPPERMID` bigint(20) NOT NULL,
  `SPACEGROUPID` bigint(20) default NULL,
  `PERMTYPE` varchar(255) NOT NULL,
  `PERMGROUPNAME` varchar(255) default NULL,
  `PERMUSERNAME` varchar(255) default NULL,
  PRIMARY KEY  (`SPACEGROUPPERMID`),
  KEY `sgp_type_idx` (`PERMTYPE`),
  KEY `sgp_group_idx` (`PERMGROUPNAME`),
  KEY `sgp_user_idx` (`PERMUSERNAME`),
  KEY `spg_id_idx` (`SPACEGROUPID`),
  CONSTRAINT `FK487D958B16994414` FOREIGN KEY (`SPACEGROUPID`) REFERENCES `SPACEGROUPS` (`SPACEGROUPID`)
) ENGINE=InnoDB DEFAULT CHARSET=latin1;
SET character_set_client = @saved_cs_client;

--
-- Dumping data for table `SPACEGROUPPERMISSIONS`
--

LOCK TABLES `SPACEGROUPPERMISSIONS` WRITE;
/*!40000 ALTER TABLE `SPACEGROUPPERMISSIONS` DISABLE KEYS */;
/*!40000 ALTER TABLE `SPACEGROUPPERMISSIONS` ENABLE KEYS */;
UNLOCK TABLES;

--
-- Table structure for table `SPACEGROUPS`
--

DROP TABLE IF EXISTS `SPACEGROUPS`;
SET @saved_cs_client     = @@character_set_client;
SET character_set_client = utf8;
CREATE TABLE `SPACEGROUPS` (
  `SPACEGROUPID` bigint(20) NOT NULL,
  `SPACEGROUPNAME` varchar(255) default NULL,
  `SPACEGROUPKEY` varchar(255) NOT NULL,
  `LICENSEKEY` text,
  `CREATOR` varchar(255) default NULL,
  `CREATIONDATE` datetime default NULL,
  `LASTMODIFIER` varchar(255) default NULL,
  `LASTMODDATE` datetime default NULL,
  PRIMARY KEY  (`SPACEGROUPID`),
  UNIQUE KEY `SPACEGROUPKEY` (`SPACEGROUPKEY`)
) ENGINE=InnoDB DEFAULT CHARSET=latin1;
SET character_set_client = @saved_cs_client;

--
-- Dumping data for table `SPACEGROUPS`
--

LOCK TABLES `SPACEGROUPS` WRITE;
/*!40000 ALTER TABLE `SPACEGROUPS` DISABLE KEYS */;
/*!40000 ALTER TABLE `SPACEGROUPS` ENABLE KEYS */;
UNLOCK TABLES;

--
-- Table structure for table `SPACEPERMISSIONS`
--

DROP TABLE IF EXISTS `SPACEPERMISSIONS`;
SET @saved_cs_client     = @@character_set_client;
SET character_set_client = utf8;
CREATE TABLE `SPACEPERMISSIONS` (
  `PERMID` bigint(20) NOT NULL,
  `SPACEID` bigint(20) default NULL,
  `PERMTYPE` varchar(255) NOT NULL,
  `PERMGROUPNAME` varchar(255) default NULL,
  `PERMUSERNAME` varchar(255) default NULL,
  `CREATOR` varchar(255) default NULL,
  `CREATIONDATE` datetime default NULL,
  `LASTMODIFIER` varchar(255) default NULL,
  `LASTMODDATE` datetime default NULL,
  PRIMARY KEY  (`PERMID`),
  KEY `sp_comp_idx` (`PERMTYPE`,`PERMGROUPNAME`,`PERMUSERNAME`),
  KEY `sp_puname_idx` (`PERMUSERNAME`),
  KEY `sp_permtype_idx` (`PERMTYPE`),
  KEY `sp_spaceid_idx` (`SPACEID`),
  KEY `sp_pgname_idx` (`PERMGROUPNAME`),
  CONSTRAINT `FKD33F23BEB2DC6081` FOREIGN KEY (`SPACEID`) REFERENCES `SPACES` (`SPACEID`)
) ENGINE=InnoDB DEFAULT CHARSET=latin1;
SET character_set_client = @saved_cs_client;

--
-- Dumping data for table `SPACEPERMISSIONS`
--

LOCK TABLES `SPACEPERMISSIONS` WRITE;
/*!40000 ALTER TABLE `SPACEPERMISSIONS` DISABLE KEYS */;
INSERT INTO `SPACEPERMISSIONS` VALUES (360449,NULL,'USECONFLUENCE','confluence-users',NULL,NULL,'2010-07-22 13:00:20',NULL,'2010-07-22 13:00:20'),(360450,NULL,'CREATESPACE','confluence-administrators',NULL,NULL,'2010-07-22 13:00:20',NULL,'2010-07-22 13:00:20'),(360451,NULL,'PERSONALSPACE','confluence-users',NULL,NULL,'2010-07-22 13:00:20',NULL,'2010-07-22 13:00:20'),(360452,NULL,'ADMINISTRATECONFLUENCE','confluence-administrators',NULL,NULL,'2010-07-22 13:00:20',NULL,'2010-07-22 13:00:20'),(360453,NULL,'USECONFLUENCE','confluence-administrators',NULL,NULL,'2010-07-22 13:00:20',NULL,'2010-07-22 13:00:20'),(360454,NULL,'PERSONALSPACE','confluence-administrators',NULL,NULL,'2010-07-22 13:00:20',NULL,'2010-07-22 13:00:20'),(360455,NULL,'SYSTEMADMINISTRATOR','confluence-administrators',NULL,NULL,'2010-07-22 13:00:20',NULL,'2010-07-22 13:00:20'),(360456,65537,'VIEWSPACE','confluence-administrators',NULL,NULL,'2010-07-22 13:00:22',NULL,'2010-07-22 13:00:22'),(360457,65537,'VIEWSPACE',NULL,'administrator',NULL,'2010-07-22 13:00:22',NULL,'2010-07-22 13:00:22'),(360458,65537,'VIEWSPACE','confluence-users',NULL,NULL,'2010-07-22 13:00:22',NULL,'2010-07-22 13:00:22'),(360459,65537,'VIEWSPACE',NULL,NULL,NULL,'2010-07-22 13:00:22',NULL,'2010-07-22 13:00:22'),(360460,65537,'COMMENT','confluence-administrators',NULL,NULL,'2010-07-22 13:00:22',NULL,'2010-07-22 13:00:22'),(360461,65537,'COMMENT',NULL,'administrator',NULL,'2010-07-22 13:00:22',NULL,'2010-07-22 13:00:22'),(360462,65537,'COMMENT','confluence-users',NULL,NULL,'2010-07-22 13:00:22',NULL,'2010-07-22 13:00:22'),(360463,65537,'COMMENT',NULL,NULL,NULL,'2010-07-22 13:00:22',NULL,'2010-07-22 13:00:22'),(360464,65537,'EDITSPACE','confluence-administrators',NULL,NULL,'2010-07-22 13:00:22',NULL,'2010-07-22 13:00:22'),(360465,65537,'EDITSPACE',NULL,'administrator',NULL,'2010-07-22 13:00:22',NULL,'2010-07-22 13:00:22'),(360466,65537,'EDITSPACE','confluence-users',NULL,NULL,'2010-07-22 13:00:22',NULL,'2010-07-22 13:00:22'),(360467,65537,'EDITSPACE',NULL,NULL,NULL,'2010-07-22 13:00:22',NULL,'2010-07-22 13:00:22'),(360468,65537,'SETSPACEPERMISSIONS','confluence-administrators',NULL,NULL,'2010-07-22 13:00:22',NULL,'2010-07-22 13:00:22'),(360469,65537,'SETSPACEPERMISSIONS',NULL,'administrator',NULL,'2010-07-22 13:00:22',NULL,'2010-07-22 13:00:22'),(360470,65537,'REMOVEPAGE','confluence-administrators',NULL,NULL,'2010-07-22 13:00:22',NULL,'2010-07-22 13:00:22'),(360471,65537,'REMOVEPAGE',NULL,'administrator',NULL,'2010-07-22 13:00:22',NULL,'2010-07-22 13:00:22'),(360472,65537,'REMOVEPAGE','confluence-users',NULL,NULL,'2010-07-22 13:00:22',NULL,'2010-07-22 13:00:22'),(360473,65537,'REMOVEPAGE',NULL,NULL,NULL,'2010-07-22 13:00:22',NULL,'2010-07-22 13:00:22'),(360474,65537,'REMOVECOMMENT','confluence-administrators',NULL,NULL,'2010-07-22 13:00:22',NULL,'2010-07-22 13:00:22'),(360475,65537,'REMOVECOMMENT',NULL,'administrator',NULL,'2010-07-22 13:00:22',NULL,'2010-07-22 13:00:22'),(360476,65537,'REMOVECOMMENT','confluence-users',NULL,NULL,'2010-07-22 13:00:22',NULL,'2010-07-22 13:00:22'),(360477,65537,'REMOVECOMMENT',NULL,NULL,NULL,'2010-07-22 13:00:22',NULL,'2010-07-22 13:00:22'),(360478,65537,'REMOVEBLOG','confluence-administrators',NULL,NULL,'2010-07-22 13:00:22',NULL,'2010-07-22 13:00:22'),(360479,65537,'REMOVEBLOG',NULL,'administrator',NULL,'2010-07-22 13:00:22',NULL,'2010-07-22 13:00:22'),(360480,65537,'REMOVEBLOG','confluence-users',NULL,NULL,'2010-07-22 13:00:22',NULL,'2010-07-22 13:00:22'),(360481,65537,'REMOVEBLOG',NULL,NULL,NULL,'2010-07-22 13:00:22',NULL,'2010-07-22 13:00:22'),(360482,65537,'CREATEATTACHMENT','confluence-administrators',NULL,NULL,'2010-07-22 13:00:22',NULL,'2010-07-22 13:00:22'),(360483,65537,'CREATEATTACHMENT',NULL,'administrator',NULL,'2010-07-22 13:00:22',NULL,'2010-07-22 13:00:22'),(360484,65537,'CREATEATTACHMENT','confluence-users',NULL,NULL,'2010-07-22 13:00:22',NULL,'2010-07-22 13:00:22'),(360485,65537,'CREATEATTACHMENT',NULL,NULL,NULL,'2010-07-22 13:00:22',NULL,'2010-07-22 13:00:22'),(360486,65537,'REMOVEATTACHMENT','confluence-administrators',NULL,NULL,'2010-07-22 13:00:22',NULL,'2010-07-22 13:00:22'),(360487,65537,'REMOVEATTACHMENT',NULL,'administrator',NULL,'2010-07-22 13:00:22',NULL,'2010-07-22 13:00:22'),(360488,65537,'REMOVEATTACHMENT','confluence-users',NULL,NULL,'2010-07-22 13:00:22',NULL,'2010-07-22 13:00:22'),(360489,65537,'REMOVEATTACHMENT',NULL,NULL,NULL,'2010-07-22 13:00:22',NULL,'2010-07-22 13:00:22'),(360490,65537,'EDITBLOG','confluence-administrators',NULL,NULL,'2010-07-22 13:00:22',NULL,'2010-07-22 13:00:22'),(360491,65537,'EDITBLOG',NULL,'administrator',NULL,'2010-07-22 13:00:22',NULL,'2010-07-22 13:00:22'),(360492,65537,'EDITBLOG','confluence-users',NULL,NULL,'2010-07-22 13:00:22',NULL,'2010-07-22 13:00:22'),(360493,65537,'EDITBLOG',NULL,NULL,NULL,'2010-07-22 13:00:22',NULL,'2010-07-22 13:00:22'),(360494,65537,'EXPORTPAGE','confluence-administrators',NULL,NULL,'2010-07-22 13:00:22',NULL,'2010-07-22 13:00:22'),(360495,65537,'EXPORTPAGE',NULL,'administrator',NULL,'2010-07-22 13:00:22',NULL,'2010-07-22 13:00:22'),(360496,65537,'EXPORTPAGE','confluence-users',NULL,NULL,'2010-07-22 13:00:22',NULL,'2010-07-22 13:00:22'),(360497,65537,'EXPORTPAGE',NULL,NULL,NULL,'2010-07-22 13:00:22',NULL,'2010-07-22 13:00:22'),(360498,65537,'EXPORTSPACE','confluence-administrators',NULL,NULL,'2010-07-22 13:00:22',NULL,'2010-07-22 13:00:22'),(360499,65537,'EXPORTSPACE',NULL,'administrator',NULL,'2010-07-22 13:00:22',NULL,'2010-07-22 13:00:22'),(360500,65537,'EXPORTSPACE','confluence-users',NULL,NULL,'2010-07-22 13:00:22',NULL,'2010-07-22 13:00:22'),(360501,65537,'EXPORTSPACE',NULL,NULL,NULL,'2010-07-22 13:00:22',NULL,'2010-07-22 13:00:22'),(360502,65537,'REMOVEMAIL','confluence-administrators',NULL,NULL,'2010-07-22 13:00:22',NULL,'2010-07-22 13:00:22'),(360503,65537,'REMOVEMAIL',NULL,'administrator',NULL,'2010-07-22 13:00:22',NULL,'2010-07-22 13:00:22'),(360504,65537,'REMOVEMAIL','confluence-users',NULL,NULL,'2010-07-22 13:00:22',NULL,'2010-07-22 13:00:22'),(360505,65537,'REMOVEMAIL',NULL,NULL,NULL,'2010-07-22 13:00:22',NULL,'2010-07-22 13:00:22'),(360506,65537,'SETPAGEPERMISSIONS','confluence-administrators',NULL,NULL,'2010-07-22 13:00:22',NULL,'2010-07-22 13:00:22'),(360507,65537,'SETPAGEPERMISSIONS',NULL,'administrator',NULL,'2010-07-22 13:00:22',NULL,'2010-07-22 13:00:22'),(360508,65537,'SETPAGEPERMISSIONS','confluence-users',NULL,NULL,'2010-07-22 13:00:22',NULL,'2010-07-22 13:00:22');
/*!40000 ALTER TABLE `SPACEPERMISSIONS` ENABLE KEYS */;
UNLOCK TABLES;

--
-- Table structure for table `SPACES`
--

DROP TABLE IF EXISTS `SPACES`;
SET @saved_cs_client     = @@character_set_client;
SET character_set_client = utf8;
CREATE TABLE `SPACES` (
  `SPACEID` bigint(20) NOT NULL,
  `SPACENAME` varchar(255) default NULL,
  `SPACEKEY` varchar(255) NOT NULL,
  `SPACEDESCID` bigint(20) default NULL,
  `HOMEPAGE` bigint(20) default NULL,
  `CREATOR` varchar(255) default NULL,
  `CREATIONDATE` datetime default NULL,
  `LASTMODIFIER` varchar(255) default NULL,
  `LASTMODDATE` datetime default NULL,
  `SPACETYPE` varchar(255) default NULL,
  `SPACEGROUPID` bigint(20) default NULL,
  PRIMARY KEY  (`SPACEID`),
  UNIQUE KEY `SPACEKEY` (`SPACEKEY`),
  KEY `s_spacegroupid_idx` (`SPACEGROUPID`),
  KEY `s_homepage_idx` (`HOMEPAGE`),
  KEY `s_spacedescid_idx` (`SPACEDESCID`),
  CONSTRAINT `FK9228242D11B7BFEE` FOREIGN KEY (`HOMEPAGE`) REFERENCES `CONTENT` (`CONTENTID`),
  CONSTRAINT `FK9228242D16994414` FOREIGN KEY (`SPACEGROUPID`) REFERENCES `SPACEGROUPS` (`SPACEGROUPID`),
  CONSTRAINT `FK9228242D2C72D3D2` FOREIGN KEY (`SPACEDESCID`) REFERENCES `CONTENT` (`CONTENTID`)
) ENGINE=InnoDB DEFAULT CHARSET=latin1;
SET character_set_client = @saved_cs_client;

--
-- Dumping data for table `SPACES`
--

LOCK TABLES `SPACES` WRITE;
/*!40000 ALTER TABLE `SPACES` DISABLE KEYS */;
INSERT INTO `SPACES` VALUES (65537,'Demonstration Space','ds',32862,32802,'administrator','2010-06-15 15:28:25',NULL,'2010-07-22 12:59:50','global',NULL);
/*!40000 ALTER TABLE `SPACES` ENABLE KEYS */;
UNLOCK TABLES;

--
-- Table structure for table `TRACKBACKLINKS`
--

DROP TABLE IF EXISTS `TRACKBACKLINKS`;
SET @saved_cs_client     = @@character_set_client;
SET character_set_client = utf8;
CREATE TABLE `TRACKBACKLINKS` (
  `LINKID` bigint(20) NOT NULL,
  `CONTENTTYPE` varchar(255) NOT NULL,
  `VIEWCOUNT` int(11) NOT NULL,
  `URL` varchar(255) NOT NULL,
  `TITLE` varchar(255) default NULL,
  `BLOGNAME` varchar(255) default NULL,
  `EXCERPT` varchar(255) default NULL,
  `CONTENTID` bigint(20) NOT NULL,
  `CREATOR` varchar(255) default NULL,
  `CREATIONDATE` datetime default NULL,
  `LASTMODIFIER` varchar(255) default NULL,
  `LASTMODDATE` datetime default NULL,
  PRIMARY KEY  (`LINKID`),
  KEY `tbl_contentid_idx` (`CONTENTID`),
  CONSTRAINT `FKF6977A478DD41734` FOREIGN KEY (`CONTENTID`) REFERENCES `CONTENT` (`CONTENTID`)
) ENGINE=InnoDB DEFAULT CHARSET=latin1;
SET character_set_client = @saved_cs_client;

--
-- Dumping data for table `TRACKBACKLINKS`
--

LOCK TABLES `TRACKBACKLINKS` WRITE;
/*!40000 ALTER TABLE `TRACKBACKLINKS` DISABLE KEYS */;
/*!40000 ALTER TABLE `TRACKBACKLINKS` ENABLE KEYS */;
UNLOCK TABLES;

--
-- Table structure for table `TRUSTEDAPP`
--

DROP TABLE IF EXISTS `TRUSTEDAPP`;
SET @saved_cs_client     = @@character_set_client;
SET character_set_client = utf8;
CREATE TABLE `TRUSTEDAPP` (
  `TRUSTEDAPPID` bigint(20) NOT NULL,
  `NAME` varchar(255) NOT NULL,
  `TIMEOUT` int(11) NOT NULL,
  `PUBLIC_KEY_ID` bigint(20) NOT NULL,
  PRIMARY KEY  (`TRUSTEDAPPID`),
  UNIQUE KEY `NAME` (`NAME`),
  UNIQUE KEY `PUBLIC_KEY_ID` (`PUBLIC_KEY_ID`),
  CONSTRAINT `FKDDB119CA9C85ADB1` FOREIGN KEY (`PUBLIC_KEY_ID`) REFERENCES `KEYSTORE` (`KEYID`)
) ENGINE=InnoDB DEFAULT CHARSET=latin1;
SET character_set_client = @saved_cs_client;

--
-- Dumping data for table `TRUSTEDAPP`
--

LOCK TABLES `TRUSTEDAPP` WRITE;
/*!40000 ALTER TABLE `TRUSTEDAPP` DISABLE KEYS */;
/*!40000 ALTER TABLE `TRUSTEDAPP` ENABLE KEYS */;
UNLOCK TABLES;

--
-- Table structure for table `TRUSTEDAPPRESTRICTION`
--

DROP TABLE IF EXISTS `TRUSTEDAPPRESTRICTION`;
SET @saved_cs_client     = @@character_set_client;
SET character_set_client = utf8;
CREATE TABLE `TRUSTEDAPPRESTRICTION` (
  `TRUSTEDAPPRESTRICTIONID` bigint(20) NOT NULL,
  `TYPE` varchar(32) NOT NULL,
  `restriction` varchar(255) default NULL,
  `TRUSTEDAPPID` bigint(20) default NULL,
  PRIMARY KEY  (`TRUSTEDAPPRESTRICTIONID`),
  KEY `FKE8496BA235D1D865` (`TRUSTEDAPPID`),
  CONSTRAINT `FKE8496BA235D1D865` FOREIGN KEY (`TRUSTEDAPPID`) REFERENCES `TRUSTEDAPP` (`TRUSTEDAPPID`)
) ENGINE=InnoDB DEFAULT CHARSET=latin1;
SET character_set_client = @saved_cs_client;

--
-- Dumping data for table `TRUSTEDAPPRESTRICTION`
--

LOCK TABLES `TRUSTEDAPPRESTRICTION` WRITE;
/*!40000 ALTER TABLE `TRUSTEDAPPRESTRICTION` DISABLE KEYS */;
/*!40000 ALTER TABLE `TRUSTEDAPPRESTRICTION` ENABLE KEYS */;
UNLOCK TABLES;

--
-- Table structure for table `external_entities`
--

DROP TABLE IF EXISTS `external_entities`;
SET @saved_cs_client     = @@character_set_client;
SET character_set_client = utf8;
CREATE TABLE `external_entities` (
  `id` bigint(20) NOT NULL,
  `name` varchar(255) default NULL,
  `type` varchar(255) NOT NULL,
  PRIMARY KEY  (`id`)
) ENGINE=InnoDB DEFAULT CHARSET=latin1;
SET character_set_client = @saved_cs_client;

--
-- Dumping data for table `external_entities`
--

LOCK TABLES `external_entities` WRITE;
/*!40000 ALTER TABLE `external_entities` DISABLE KEYS */;
/*!40000 ALTER TABLE `external_entities` ENABLE KEYS */;
UNLOCK TABLES;

--
-- Table structure for table `external_members`
--

DROP TABLE IF EXISTS `external_members`;
SET @saved_cs_client     = @@character_set_client;
SET character_set_client = utf8;
CREATE TABLE `external_members` (
  `extentityid` bigint(20) NOT NULL,
  `groupid` bigint(20) NOT NULL,
  PRIMARY KEY  (`groupid`,`extentityid`),
  KEY `FKD8C8D8A5F25E5D5F` (`extentityid`),
  CONSTRAINT `FKD8C8D8A5117D5FDA` FOREIGN KEY (`groupid`) REFERENCES `groups` (`id`),
  CONSTRAINT `FKD8C8D8A5F25E5D5F` FOREIGN KEY (`extentityid`) REFERENCES `external_entities` (`id`)
) ENGINE=InnoDB DEFAULT CHARSET=latin1;
SET character_set_client = @saved_cs_client;

--
-- Dumping data for table `external_members`
--

LOCK TABLES `external_members` WRITE;
/*!40000 ALTER TABLE `external_members` DISABLE KEYS */;
/*!40000 ALTER TABLE `external_members` ENABLE KEYS */;
UNLOCK TABLES;

--
-- Table structure for table `groups`
--

DROP TABLE IF EXISTS `groups`;
SET @saved_cs_client     = @@character_set_client;
SET character_set_client = utf8;
CREATE TABLE `groups` (
  `id` bigint(20) NOT NULL,
  `groupname` varchar(255) NOT NULL,
  PRIMARY KEY  (`id`),
  UNIQUE KEY `groupname` (`groupname`)
) ENGINE=InnoDB DEFAULT CHARSET=latin1;
SET character_set_client = @saved_cs_client;

--
-- Dumping data for table `groups`
--

LOCK TABLES `groups` WRITE;
/*!40000 ALTER TABLE `groups` DISABLE KEYS */;
INSERT INTO `groups` VALUES (327681,'confluence-administrators'),(327682,'confluence-users');
/*!40000 ALTER TABLE `groups` ENABLE KEYS */;
UNLOCK TABLES;

--
-- Table structure for table `hibernate_unique_key`
--

DROP TABLE IF EXISTS `hibernate_unique_key`;
SET @saved_cs_client     = @@character_set_client;
SET character_set_client = utf8;
CREATE TABLE `hibernate_unique_key` (
  `next_hi` int(11) default NULL
) ENGINE=InnoDB DEFAULT CHARSET=latin1;
SET character_set_client = @saved_cs_client;

--
-- Dumping data for table `hibernate_unique_key`
--

LOCK TABLES `hibernate_unique_key` WRITE;
/*!40000 ALTER TABLE `hibernate_unique_key` DISABLE KEYS */;
INSERT INTO `hibernate_unique_key` VALUES (17);
/*!40000 ALTER TABLE `hibernate_unique_key` ENABLE KEYS */;
UNLOCK TABLES;

--
-- Table structure for table `local_members`
--

DROP TABLE IF EXISTS `local_members`;
SET @saved_cs_client     = @@character_set_client;
SET character_set_client = utf8;
CREATE TABLE `local_members` (
  `userid` bigint(20) NOT NULL,
  `groupid` bigint(20) NOT NULL,
  PRIMARY KEY  (`groupid`,`userid`),
  KEY `FK6B8FB445CE2B3226` (`userid`),
  CONSTRAINT `FK6B8FB445117D5FDA` FOREIGN KEY (`groupid`) REFERENCES `groups` (`id`),
  CONSTRAINT `FK6B8FB445CE2B3226` FOREIGN KEY (`userid`) REFERENCES `users` (`id`)
) ENGINE=InnoDB DEFAULT CHARSET=latin1;
SET character_set_client = @saved_cs_client;

--
-- Dumping data for table `local_members`
--

LOCK TABLES `local_members` WRITE;
/*!40000 ALTER TABLE `local_members` DISABLE KEYS */;
INSERT INTO `local_members` VALUES (393217,327681),(393217,327682);
/*!40000 ALTER TABLE `local_members` ENABLE KEYS */;
UNLOCK TABLES;

--
-- Table structure for table `os_group`
--

DROP TABLE IF EXISTS `os_group`;
SET @saved_cs_client     = @@character_set_client;
SET character_set_client = utf8;
CREATE TABLE `os_group` (
  `id` bigint(20) NOT NULL,
  `groupname` varchar(255) NOT NULL,
  PRIMARY KEY  (`id`),
  UNIQUE KEY `groupname` (`groupname`)
) ENGINE=InnoDB DEFAULT CHARSET=latin1;
SET character_set_client = @saved_cs_client;

--
-- Dumping data for table `os_group`
--

LOCK TABLES `os_group` WRITE;
/*!40000 ALTER TABLE `os_group` DISABLE KEYS */;
/*!40000 ALTER TABLE `os_group` ENABLE KEYS */;
UNLOCK TABLES;

--
-- Table structure for table `os_user`
--

DROP TABLE IF EXISTS `os_user`;
SET @saved_cs_client     = @@character_set_client;
SET character_set_client = utf8;
CREATE TABLE `os_user` (
  `id` bigint(20) NOT NULL,
  `username` varchar(255) NOT NULL,
  `passwd` varchar(255) default NULL,
  PRIMARY KEY  (`id`),
  UNIQUE KEY `username` (`username`)
) ENGINE=InnoDB DEFAULT CHARSET=latin1;
SET character_set_client = @saved_cs_client;

--
-- Dumping data for table `os_user`
--

LOCK TABLES `os_user` WRITE;
/*!40000 ALTER TABLE `os_user` DISABLE KEYS */;
/*!40000 ALTER TABLE `os_user` ENABLE KEYS */;
UNLOCK TABLES;

--
-- Table structure for table `os_user_group`
--

DROP TABLE IF EXISTS `os_user_group`;
SET @saved_cs_client     = @@character_set_client;
SET character_set_client = utf8;
CREATE TABLE `os_user_group` (
  `group_id` bigint(20) NOT NULL,
  `user_id` bigint(20) NOT NULL,
  PRIMARY KEY  (`user_id`,`group_id`),
  KEY `FK932472461E2E76DB` (`group_id`),
  CONSTRAINT `FK932472461E2E76DB` FOREIGN KEY (`group_id`) REFERENCES `os_group` (`id`),
  CONSTRAINT `FK93247246F73AEE0F` FOREIGN KEY (`user_id`) REFERENCES `os_user` (`id`)
) ENGINE=InnoDB DEFAULT CHARSET=latin1;
SET character_set_client = @saved_cs_client;

--
-- Dumping data for table `os_user_group`
--

LOCK TABLES `os_user_group` WRITE;
/*!40000 ALTER TABLE `os_user_group` DISABLE KEYS */;
/*!40000 ALTER TABLE `os_user_group` ENABLE KEYS */;
UNLOCK TABLES;

--
-- Table structure for table `users`
--

DROP TABLE IF EXISTS `users`;
SET @saved_cs_client     = @@character_set_client;
SET character_set_client = utf8;
CREATE TABLE `users` (
  `id` bigint(20) NOT NULL,
  `name` varchar(255) NOT NULL,
  `password` varchar(255) default NULL,
  `email` varchar(255) default NULL,
  `created` datetime default NULL,
  `fullname` varchar(255) default NULL,
  PRIMARY KEY  (`id`),
  UNIQUE KEY `name` (`name`)
) ENGINE=InnoDB DEFAULT CHARSET=latin1;
SET character_set_client = @saved_cs_client;

--
-- Dumping data for table `users`
--

LOCK TABLES `users` WRITE;
/*!40000 ALTER TABLE `users` DISABLE KEYS */;
INSERT INTO `users` VALUES (393217,'administrator','2qDnhc9fDXtLDg2jrIQdFbFHiCo80vhH40qwb4g1AuRUv5seWiC5Hw3GQglmZNkZT/LWrjmW4j3I2utDlsMSIA==','pro@puppetlabs.com','2010-07-22 13:00:20','Puppet Pro');
/*!40000 ALTER TABLE `users` ENABLE KEYS */;
UNLOCK TABLES;
/*!40103 SET TIME_ZONE=@OLD_TIME_ZONE */;

/*!40101 SET SQL_MODE=@OLD_SQL_MODE */;
/*!40014 SET FOREIGN_KEY_CHECKS=@OLD_FOREIGN_KEY_CHECKS */;
/*!40014 SET UNIQUE_CHECKS=@OLD_UNIQUE_CHECKS */;
/*!40101 SET CHARACTER_SET_CLIENT=@OLD_CHARACTER_SET_CLIENT */;
/*!40101 SET CHARACTER_SET_RESULTS=@OLD_CHARACTER_SET_RESULTS */;
/*!40101 SET COLLATION_CONNECTION=@OLD_COLLATION_CONNECTION */;
/*!40111 SET SQL_NOTES=@OLD_SQL_NOTES */;

-- Dump completed on 2010-07-22 17:29:31
